{
  "attrs": "attrs_2048.npz",
  "initial": {
    "a0": 1.0,
    "a1": 1.0,
    "a2": 0.5,
    "beta": 1.5,
    "rho": null,
    "spin_mode": "same"
  },
  "flow": [
    {
      "step": 1,
      "R": 0.5803131820307469,
      "n_clusters": 45,
      "rho_before": 0.16275839911635331,
      "beta_before": 1.5,
      "rho_after": 1.2262448233203513,
      "beta_after": 1.35,
      "rho_scale_best": 1.2,
      "beta_grid_choice": 1.35,
      "lsq": 0.0005789430716109745,
      "spectral_dim": -0.02112628460545319,
      "mds_stress": 0.5133627021032251,
      "rank_cm": 0.7111111111111111,
      "n_after": 45
    },
    {
      "step": 2,
      "R": 1.062596389648471,
      "n_clusters": 6,
      "rho_before": 1.0218706861002929,
      "beta_before": 1.35,
      "rho_after": 2.1387792871258586,
      "beta_after": 1.6,
      "rho_scale_best": 1.2,
      "beta_grid_choice": 1.6,
      "lsq": 2.937782046511697e-07,
      "spectral_dim": -0.00831321317029795,
      "mds_stress": 0.08408890885866824,
      "rank_cm": 0.6666666666666666,
      "n_after": 6
    },
    {
      "step": 3,
      "R": 1.1275851861625703,
      "n_clusters": 2,
      "rho_before": 1.7823160726048821,
      "beta_before": 1.6,
      "rho_after": 2.3664420520664637,
      "beta_after": 1.6,
      "rho_scale_best": 1.2,
      "beta_grid_choice": 1.6,
      "lsq": 8.024242937373872e-07,
      "spectral_dim": -0.0034807708118159736,
      "mds_stress": 8.657798865007026e-16,
      "rank_cm": 0.5,
      "n_after": 2
    },
    {
      "step": 4,
      "R": 0.0,
      "n_clusters": 2,
      "rho_before": 1.9720350433887197,
      "beta_before": 1.6,
      "rho_after": 2.208679248595366,
      "beta_after": 1.35,
      "rho_scale_best": 1.12,
      "beta_grid_choice": 1.35,
      "lsq": 2.7606781983451183e-07,
      "spectral_dim": -0.002787959176076151,
      "mds_stress": 6.206076644975779e-16,
      "rank_cm": 0.5,
      "n_after": 2
    },
    {
      "step": 5,
      "R": 0.0,
      "n_clusters": 2,
      "rho_before": 1.9720350433887197,
      "beta_before": 1.35,
      "rho_after": 2.208679248595366,
      "beta_after": 1.35,
      "rho_scale_best": 1.12,
      "beta_grid_choice": 1.35,
      "lsq": 2.7606781983451183e-07,
      "spectral_dim": -0.002787959176076151,
      "mds_stress": 6.206076644975779e-16,
      "rank_cm": 0.5,
      "n_after": 2
    },
    {
      "step": 6,
      "R": 0.0,
      "n_clusters": 2,
      "rho_before": 1.9720350433887197,
      "beta_before": 1.35,
      "rho_after": 2.208679248595366,
      "beta_after": 1.35,
      "rho_scale_best": 1.12,
      "beta_grid_choice": 1.35,
      "lsq": 2.7606781983451183e-07,
      "spectral_dim": -0.002787959176076151,
      "mds_stress": 6.206076644975779e-16,
      "rank_cm": 0.5,
      "n_after": 2
    }
  ]
}