{
  "kernel": "K_4096_opposite_rho1p16_a2p55_b1p50.npy",
  "attrs": "attrs_4096_phi_omega.npz",
  "quantile": 0.9995,
  "maxdist": 16,
  "samples": 4096,
  "corr_vs_r": [
    {
      "r": 1,
      "corr": 0.017624894889600635,
      "pairs": 8388
    },
    {
      "r": 2,
      "corr": -0.013523850005335793,
      "pairs": 12612
    },
    {
      "r": 3,
      "corr": 0.022666493594073262,
      "pairs": 17724
    },
    {
      "r": 4,
      "corr": 0.0019428743711669709,
      "pairs": 24504
    },
    {
      "r": 5,
      "corr": -0.0035389942972550155,
      "pairs": 32424
    },
    {
      "r": 6,
      "corr": -0.0022193536452093784,
      "pairs": 41512
    },
    {
      "r": 7,
      "corr": -0.0042617454563752205,
      "pairs": 51666
    },
    {
      "r": 8,
      "corr": -0.0059548123141452405,
      "pairs": 63498
    },
    {
      "r": 9,
      "corr": -0.009184662783005774,
      "pairs": 75564
    },
    {
      "r": 10,
      "corr": -0.005063796701298071,
      "pairs": 88756
    },
    {
      "r": 11,
      "corr": 0.004460736642018618,
      "pairs": 102380
    },
    {
      "r": 12,
      "corr": 0.004484569274850718,
      "pairs": 115572
    },
    {
      "r": 13,
      "corr": -0.0002426479832925227,
      "pairs": 126912
    },
    {
      "r": 14,
      "corr": -0.000658394756261925,
      "pairs": 137722
    },
    {
      "r": 15,
      "corr": -0.0025365878440160405,
      "pairs": 146058
    },
    {
      "r": 16,
      "corr": -0.0014544897339129879,
      "pairs": 151742
    }
  ]
}