{
  "kernel": "K_4096_same_rho1p16_a2p55_b1p50.npy",
  "attrs": "attrs_4096_phi_omega.npz",
  "quantile": 0.999,
  "maxdist": 16,
  "samples": 4096,
  "corr_vs_r": [
    {
      "r": 1,
      "corr": 0.0008264892151541657,
      "pairs": 16774
    },
    {
      "r": 2,
      "corr": 0.00022313078019339525,
      "pairs": 34922
    },
    {
      "r": 3,
      "corr": 0.0023666117506792256,
      "pairs": 66576
    },
    {
      "r": 4,
      "corr": -0.007862378331944184,
      "pairs": 110228
    },
    {
      "r": 5,
      "corr": 0.003901704566935922,
      "pairs": 166204
    },
    {
      "r": 6,
      "corr": -0.002834299028433977,
      "pairs": 232168
    },
    {
      "r": 7,
      "corr": 0.0001873747945960459,
      "pairs": 301960
    },
    {
      "r": 8,
      "corr": 0.0006835380597260671,
      "pairs": 370488
    },
    {
      "r": 9,
      "corr": -0.0008867672496009702,
      "pairs": 434960
    },
    {
      "r": 10,
      "corr": -0.0041781140956655615,
      "pairs": 482774
    },
    {
      "r": 11,
      "corr": 0.00045371842019880184,
      "pairs": 512596
    },
    {
      "r": 12,
      "corr": -8.649615583199362e-05,
      "pairs": 525762
    },
    {
      "r": 13,
      "corr": 0.0013058418484100038,
      "pairs": 520364
    },
    {
      "r": 14,
      "corr": 0.0010887762937513315,
      "pairs": 501484
    },
    {
      "r": 15,
      "corr": -0.002708057712963848,
      "pairs": 470246
    },
    {
      "r": 16,
      "corr": -0.0006426665496875878,
      "pairs": 426834
    }
  ]
}