{
  "kernel": "K_8192_same_rho1p16_a2p55_b1p50.npy",
  "attrs": "attrs_8192_phi_omega.npz",
  "quantile": 0.999,
  "maxdist": 16,
  "samples": 4096,
  "corr_vs_r": [
    {
      "r": 1,
      "corr": -0.00553878140185575,
      "pairs": 33692
    },
    {
      "r": 2,
      "corr": -0.005713622950756913,
      "pairs": 100192
    },
    {
      "r": 3,
      "corr": -0.003245303505318619,
      "pairs": 222264
    },
    {
      "r": 4,
      "corr": -0.0009462369939131219,
      "pairs": 395069
    },
    {
      "r": 5,
      "corr": -0.000901959806691971,
      "pairs": 608585
    },
    {
      "r": 6,
      "corr": -0.0001500308797400077,
      "pairs": 843755
    },
    {
      "r": 7,
      "corr": 0.0005871928080935224,
      "pairs": 1077007
    },
    {
      "r": 8,
      "corr": 0.0005769360948993957,
      "pairs": 1283470
    },
    {
      "r": 9,
      "corr": -0.0014433665251093071,
      "pairs": 1449050
    },
    {
      "r": 10,
      "corr": 0.0006638124155814608,
      "pairs": 1562751
    },
    {
      "r": 11,
      "corr": 0.0003552096882640583,
      "pairs": 1622541
    },
    {
      "r": 12,
      "corr": 8.045753159496623e-05,
      "pairs": 1622490
    },
    {
      "r": 13,
      "corr": -0.00013225674589065268,
      "pairs": 1576651
    },
    {
      "r": 14,
      "corr": 0.001050231370353198,
      "pairs": 1481456
    },
    {
      "r": 15,
      "corr": 0.0002731229294462285,
      "pairs": 1356976
    },
    {
      "r": 16,
      "corr": -0.00044815151815718175,
      "pairs": 1210386
    }
  ]
}