source,file,kernel_file,n,spin,rho_scale,a2,beta,sdim,se,mds_stress
sdim_collated,K_1024_same_rho1p20_a2p50_b1p60_tfine.json,K_1024_same_rho1p20_a2p50_b1p60.npy,1024.0,same,1.2,0.5,1.6,-0.0204725879020717,0.0003990671357506,0.9193812076327408
sdim_collated,K_1024_same_rho1p2_a20p5_b1p6_tfine.json,K_1024_same_rho1p2_a20p5_b1p6.npy,,,,,,-0.0204725879020717,0.0003990671357506,0.9193812076327408
sdim_collated,K_2048_opp_rho1p16_a20p45_bIGNORED_tfine.json,K_2048_opp_rho1p16_a20p45_bIGNORED.npy,,,,,,-56.71101402415588,0.00208869878193,0.956030218058228
sdim_collated,K_2048_opp_rho1p16_a20p50_bIGNORED_tfine.json,K_2048_opp_rho1p16_a20p50_bIGNORED.npy,,,,,,-54.69946537441116,0.00219471023305,0.9557859990305658
sdim_collated,K_2048_opp_rho1p16_a20p55_bIGNORED_tfine.json,K_2048_opp_rho1p16_a20p55_bIGNORED.npy,,,,,,-52.81563197488266,0.0022881916590655,0.9559135084781544
sdim_collated,K_2048_opp_rho1p20_a20p45_bIGNORED_tfine.json,K_2048_opp_rho1p20_a20p45_bIGNORED.npy,,,,,,-56.71101402415588,0.00208869878193,0.956030218058228
sdim_collated,K_2048_opp_rho1p20_a20p50_bIGNORED_tfine.json,K_2048_opp_rho1p20_a20p50_bIGNORED.npy,,,,,,-54.69946537441116,0.00219471023305,0.9557859990305658
sdim_collated,K_2048_opp_rho1p20_a20p55_bIGNORED_tfine.json,K_2048_opp_rho1p20_a20p55_bIGNORED.npy,,,,,,-52.81563197488266,0.0022881916590655,0.9559135084781544
sdim_collated,K_2048_same_rho1p12_a2p55_b1p50_tfine.json,K_2048_same_rho1p12_a2p55_b1p50.npy,2048.0,same,1.12,0.55,1.5,-0.0945501832362238,0.0004869279629492,0.9476377967688088
sdim_collated,K_2048_same_rho1p14_a2p55_b1p50_tfine.json,K_2048_same_rho1p14_a2p55_b1p50.npy,2048.0,same,1.14,0.55,1.5,-0.0952426183765062,0.0004768731338712,0.9454685796799444
sdim_collated,K_2048_same_rho1p16_a2p55_b1p35_tfine.json,K_2048_same_rho1p16_a2p55_b1p35.npy,2048.0,same,1.16,0.55,1.35,-0.0968234677741445,0.0004883751867642,0.933842578834558
sdim_collated,K_2048_same_rho1p16_a2p55_b1p40_tfine.json,K_2048_same_rho1p16_a2p55_b1p40.npy,2048.0,same,1.16,0.55,1.4,-0.0964639322622252,0.0004807927987728,0.9370526580061734
sdim_collated,K_2048_same_rho1p16_a2p55_b1p42_tfine.json,K_2048_same_rho1p16_a2p55_b1p42.npy,2048.0,same,1.16,0.55,1.42,-0.0961057173203226,0.0002845032141324,0.9382714786283516
sdim_collated,K_2048_same_rho1p16_a2p55_b1p44_tfine.json,K_2048_same_rho1p16_a2p55_b1p44.npy,2048.0,same,1.16,0.55,1.44,-0.0959922850027785,0.0002836133396133,0.9394762436541346
sdim_collated,K_2048_same_rho1p16_a2p55_b1p45_tfine.json,K_2048_same_rho1p16_a2p55_b1p45.npy,2048.0,same,1.16,0.55,1.45,-0.0961831087567816,0.0004739794174986,0.9400818076690772
sdim_collated,K_2048_same_rho1p16_a2p55_b1p46_tfine.json,K_2048_same_rho1p16_a2p55_b1p46.npy,2048.0,same,1.16,0.55,1.46,-0.0958892764450254,0.0002827909292887,0.940695585264384
sdim_collated,K_2048_same_rho1p16_a2p55_b1p48_tfine.json,K_2048_same_rho1p16_a2p55_b1p48.npy,2048.0,same,1.16,0.55,1.48,-0.0957958409511834,0.0002820206302219,0.9419691805344887
sdim_collated,K_2048_same_rho1p16_a2p55_b1p50_tfine.json,K_2048_same_rho1p16_a2p55_b1p50.npy,2048.0,same,1.16,0.55,1.5,-0.0959650893410881,0.0004675347356985,0.9433317132219564
sdim_collated,K_2048_same_rho1p16_a2p55_b1p52_tfine.json,K_2048_same_rho1p16_a2p55_b1p52.npy,2048.0,same,1.16,0.55,1.52,-0.0956344565990292,0.0002806166727664,0.944771946711466
sdim_collated,K_2048_same_rho1p16_a2p55_b1p54_tfine.json,K_2048_same_rho1p16_a2p55_b1p54.npy,2048.0,same,1.16,0.55,1.54,-0.0955651831113118,0.0002799790840874,0.9462098105957568
sdim_collated,K_2048_same_rho1p16_a2p55_b1p55_tfine.json,K_2048_same_rho1p16_a2p55_b1p55.npy,2048.0,same,1.16,0.55,1.55,-0.0957972888390553,0.000461424964043,0.9468964178316792
sdim_collated,K_2048_same_rho1p16_a2p55_b1p56_tfine.json,K_2048_same_rho1p16_a2p55_b1p56.npy,2048.0,same,1.16,0.55,1.56,-0.0955027396618237,0.0002793844478717,0.9475501820999068
sdim_collated,K_2048_same_rho1p16_a2p55_b1p58_tfine.json,K_2048_same_rho1p16_a2p55_b1p58.npy,2048.0,same,1.16,0.55,1.58,-0.0954465951048329,0.0002788200694122,0.9487501103134036
sdim_collated,K_2048_same_rho1p16_a2p55_b1p60_tfine.json,K_2048_same_rho1p16_a2p55_b1p60.npy,2048.0,same,1.16,0.55,1.6,-0.095670348248158,0.0004554790938599,0.9498178628914892
sdim_collated,K_2048_same_rho1p16_a2p55_b1p62_tfine.json,K_2048_same_rho1p16_a2p55_b1p62.npy,2048.0,same,1.16,0.55,1.62,-0.095351306917977,0.0002777818434331,0.9507795625159308
sdim_collated,K_2048_same_rho1p16_a2p55_b1p64_tfine.json,K_2048_same_rho1p16_a2p55_b1p64.npy,2048.0,same,1.16,0.55,1.64,-0.0953113578881676,0.0002773083175094,0.951659351085695
sdim_collated,K_2048_same_rho1p16_a2p55_b1p65_tfine.json,K_2048_same_rho1p16_a2p55_b1p65.npy,2048.0,same,1.16,0.55,1.65,-0.0955769674307986,0.0004496880189685,0.9520742591540146
sdim_collated,K_2048_same_rho1p18_a2p55_b1p50_tfine.json,K_2048_same_rho1p18_a2p55_b1p50.npy,2048.0,same,1.18,0.55,1.5,-0.0967193823449554,0.0004590785728179,0.9413338294835152
sdim_collated,K_2048_same_rho1p20_a2p50_b1p60_tfine.json,K_2048_same_rho1p20_a2p50_b1p60.npy,2048.0,same,1.2,0.5,1.6,-0.0536708057182746,0.0001413789539067,0.9458286944637748
sdim_collated,K_2048_same_rho1p20_a2p55_b1p50_tfine.json,K_2048_same_rho1p20_a2p55_b1p50.npy,2048.0,same,1.2,0.55,1.5,-0.0975071890590555,0.0004517652499791,0.9394751068671232
sdim_collated,K_2048_same_rho1p2_a20p5_b1p6_tfine.json,K_2048_same_rho1p2_a20p5_b1p6.npy,,,,,,-0.0974733252043025,0.0002536208871296,0.9458286944637748
sdim_collated,K_4096_same_rho1p12_a2p55_b1p50_tfine.json,K_4096_same_rho1p12_a2p55_b1p50.npy,4096.0,same,1.12,0.55,1.5,-0.1858273376020159,0.0009839445232694,0.9691473413253292
sdim_collated,K_4096_same_rho1p14_a2p55_b1p50_tfine.json,K_4096_same_rho1p14_a2p55_b1p50.npy,4096.0,same,1.14,0.55,1.5,-0.187554297998056,0.0009715411751536,0.9677459064432634
sdim_collated,K_4096_same_rho1p16_a2p55_b1p35_tfine.json,K_4096_same_rho1p16_a2p55_b1p35.npy,4096.0,same,1.16,0.55,1.35,-0.1911493070865395,0.0009777946608145,0.9575201667131182
sdim_collated,K_4096_same_rho1p16_a2p55_b1p40_tfine.json,K_4096_same_rho1p16_a2p55_b1p40.npy,4096.0,same,1.16,0.55,1.4,-0.1904022972763452,0.0009708466068498,0.9606461913627544
sdim_collated,K_4096_same_rho1p16_a2p55_b1p45_tfine.json,K_4096_same_rho1p16_a2p55_b1p45.npy,4096.0,same,1.16,0.55,1.45,-0.1898079305198757,0.0009650215213013,0.9636165536482616
sdim_collated,K_4096_same_rho1p16_a2p55_b1p50_tfine.json,K_4096_same_rho1p16_a2p55_b1p50.npy,4096.0,same,1.16,0.55,1.5,-0.1893360606925103,0.0009599453999658,0.9662998333841258
sdim_collated,K_4096_same_rho1p16_a2p55_b1p55_tfine.json,K_4096_same_rho1p16_a2p55_b1p55.npy,4096.0,same,1.16,0.55,1.55,-0.1889634273977923,0.0009554070365296,0.9686300293199522
sdim_collated,K_4096_same_rho1p16_a2p55_b1p60_tfine.json,K_4096_same_rho1p16_a2p55_b1p60.npy,4096.0,same,1.16,0.55,1.6,-0.1886724724402659,0.0009510713941494,0.9706309206034658
sdim_collated,K_4096_same_rho1p16_a2p55_b1p65_tfine.json,K_4096_same_rho1p16_a2p55_b1p65.npy,4096.0,same,1.16,0.55,1.65,-0.1884494661427248,0.0009469775362394,0.972353222166454
sdim_collated,K_4096_same_rho1p18_a2p55_b1p50_tfine.json,K_4096_same_rho1p18_a2p55_b1p50.npy,4096.0,same,1.18,0.55,1.5,-0.191173476364438,0.0009494632451988,0.9648144339975342
sdim_collated,K_4096_same_rho1p20_a2p50_b1p60_tfine.json,K_4096_same_rho1p20_a2p50_b1p60.npy,4096.0,same,1.2,0.5,1.6,-0.1518598784781584,0.0008348915336847,0.9677432232570372
sdim_collated,K_4096_same_rho1p20_a2p55_b1p50_tfine.json,K_4096_same_rho1p20_a2p55_b1p50.npy,4096.0,same,1.2,0.55,1.5,-0.1930688683115398,0.0009404907972385,0.9632988248683988
sdim_collated,K_4096_same_rho1p2_a20p5_b1p6_tfine.json,K_4096_same_rho1p2_a20p5_b1p6.npy,,,,,,-0.1935506156618698,0.0010597324317631,0.9677432232570372
sdim_collated,K_8192_same_rho1p12_a2p55_b1p50_tfine.json,K_8192_same_rho1p12_a2p55_b1p50.npy,8192.0,same,1.12,0.55,1.5,-0.2730763708447145,0.0016770955465805,0.9806494425715876
sdim_collated,K_8192_same_rho1p14_a2p55_b1p50_tfine.json,K_8192_same_rho1p14_a2p55_b1p50.npy,8192.0,same,1.14,0.55,1.5,-0.2764358960684122,0.0016859321386139,0.9799112144857351
sdim_collated,K_8192_same_rho1p16_a2p55_b1p35_tfine.json,K_8192_same_rho1p16_a2p55_b1p35.npy,8192.0,same,1.16,0.55,1.35,-0.2846277947863278,0.0017241684535242,0.9745757183958228
sdim_collated,K_8192_same_rho1p16_a2p55_b1p40_tfine.json,K_8192_same_rho1p16_a2p55_b1p40.npy,8192.0,same,1.16,0.55,1.4,-0.2827692696120412,0.0017124073484786,0.97632440761288
sdim_collated,K_8192_same_rho1p16_a2p55_b1p45_tfine.json,K_8192_same_rho1p16_a2p55_b1p45.npy,8192.0,same,1.16,0.55,1.45,-0.2812067998994076,0.0017031669419028,0.9778387169688352
sdim_collated,K_8192_same_rho1p16_a2p55_b1p50_tfine.json,K_8192_same_rho1p16_a2p55_b1p50.npy,8192.0,same,1.16,0.55,1.5,-0.2798865432495651,0.0016958031226669,0.9791606876635998
sdim_collated,K_8192_same_rho1p16_a2p55_b1p55_tfine.json,K_8192_same_rho1p16_a2p55_b1p55.npy,8192.0,same,1.16,0.55,1.55,-0.2787668855385519,0.0016895106896659,0.9803213092441854
sdim_collated,K_8192_same_rho1p16_a2p55_b1p60_tfine.json,K_8192_same_rho1p16_a2p55_b1p60.npy,8192.0,same,1.16,0.55,1.6,-0.2778155804042435,0.0016842417295364,0.9813472568104996
sdim_collated,K_8192_same_rho1p16_a2p55_b1p65_tfine.json,K_8192_same_rho1p16_a2p55_b1p65.npy,8192.0,same,1.16,0.55,1.65,-0.2770071917008242,0.0016799742197373,0.9822610925916012
sdim_collated,K_8192_same_rho1p18_a2p55_b1p50_tfine.json,K_8192_same_rho1p18_a2p55_b1p50.npy,8192.0,same,1.18,0.55,1.5,-0.2834307567483519,0.0017069975420016,0.9783976774462138
sdim_collated,K_8192_same_rho1p20_a2p50_b1p60_tfine.json,K_8192_same_rho1p20_a2p50_b1p60.npy,8192.0,same,1.2,0.5,1.6,-0.2478310347875083,0.0007818552931001,0.9798320343026689
sdim_collated,K_8192_same_rho1p20_a2p55_b1p50_tfine.json,K_8192_same_rho1p20_a2p55_b1p50.npy,8192.0,same,1.2,0.55,1.5,-0.2870709224888279,0.0017197170684723,0.9776220644055308
sdim_collated,K_8192_same_rho1p2_a20p5_b1p6_tfine.json,K_8192_same_rho1p2_a20p5_b1p6.npy,,,,,,-0.2860555023438224,0.0009829693118541,0.9798320343026689
sdim_collated,K_4096_same_rho1p12_a2p55_b1p50_smallt.json,K_4096_same_rho1p12_a2p55_b1p50.npy,4096.0,same,1.12,0.55,1.5,-0.0430494885113874,0.0001481028789216,0.9691473413253292
sdim_collated,K_4096_same_rho1p14_a2p55_b1p50_smallt.json,K_4096_same_rho1p14_a2p55_b1p50.npy,4096.0,same,1.14,0.55,1.5,-0.0433037512732238,0.000146876336371,0.9677459064432634
sdim_collated,K_4096_same_rho1p16_a2p55_b1p45_smallt.json,K_4096_same_rho1p16_a2p55_b1p45.npy,4096.0,same,1.16,0.55,1.45,-0.0435591209325363,0.0001453291620776,0.9636165536482616
sdim_collated,K_4096_same_rho1p16_a2p55_b1p50_smallt.json,K_4096_same_rho1p16_a2p55_b1p50.npy,4096.0,same,1.16,0.55,1.5,-0.0435597002841838,0.0001456463839842,0.9662998333841258
sdim_collated,K_4096_same_rho1p16_a2p55_b1p55_smallt.json,K_4096_same_rho1p16_a2p55_b1p55.npy,4096.0,same,1.16,0.55,1.55,-0.0435655650303729,0.0001459548250476,0.9686300293199522
sdim_collated,K_4096_same_rho1p18_a2p55_b1p50_smallt.json,K_4096_same_rho1p18_a2p55_b1p50.npy,4096.0,same,1.18,0.55,1.5,-0.0438172486822641,0.0001444151110059,0.9648144339975342
sdim_collated,K_4096_same_rho1p20_a2p55_b1p50_smallt.json,K_4096_same_rho1p20_a2p55_b1p50.npy,4096.0,same,1.2,0.55,1.5,-0.0440762709052476,0.0001431866569346,0.9632988248683988
sdim_collated,K_8192_same_rho1p12_a2p55_b1p50_smallt.json,K_8192_same_rho1p12_a2p55_b1p50.npy,8192.0,same,1.12,0.55,1.5,-0.073455881735402,0.0001409406225967,0.9806494425715876
sdim_collated,K_8192_same_rho1p14_a2p55_b1p50_smallt.json,K_8192_same_rho1p14_a2p55_b1p50.npy,8192.0,same,1.14,0.55,1.5,-0.0741094697178293,0.0001406688203536,0.9799112144857351
sdim_collated,K_8192_same_rho1p16_a2p55_b1p45_smallt.json,K_8192_same_rho1p16_a2p55_b1p45.npy,8192.0,same,1.16,0.55,1.45,-0.0749232093475615,0.0001395363667196,0.9778387169688352
sdim_collated,K_8192_same_rho1p16_a2p55_b1p50_smallt.json,K_8192_same_rho1p16_a2p55_b1p50.npy,8192.0,same,1.16,0.55,1.5,-0.0747703915564694,0.0001403975667087,0.9791606876635998
sdim_collated,K_8192_same_rho1p16_a2p55_b1p55_smallt.json,K_8192_same_rho1p16_a2p55_b1p55.npy,8192.0,same,1.16,0.55,1.55,-0.0746369144271956,0.0001412176124188,0.9803213092441854
sdim_collated,K_8192_same_rho1p18_a2p55_b1p50_smallt.json,K_8192_same_rho1p18_a2p55_b1p50.npy,8192.0,same,1.18,0.55,1.5,-0.0754383380649338,0.0001401345129969,0.9783976774462138
sdim_collated,K_8192_same_rho1p20_a2p55_b1p50_smallt.json,K_8192_same_rho1p20_a2p55_b1p50.npy,8192.0,same,1.2,0.55,1.5,-0.0761129449466969,0.000139886911047,0.9776220644055308
