{
  "kernel": "K_8192_opposite_rho1p16_a2p55_b1p50.npy",
  "attrs": "attrs_8192_phi_omega.npz",
  "quantile": 0.999,
  "maxdist": 16,
  "samples": 4096,
  "corr_vs_r": [
    {
      "r": 1,
      "corr": -0.0074726009394204766,
      "pairs": 33826
    },
    {
      "r": 2,
      "corr": -0.0017599398222666134,
      "pairs": 106405
    },
    {
      "r": 3,
      "corr": -0.00453843544920097,
      "pairs": 240032
    },
    {
      "r": 4,
      "corr": 0.0011336737328149226,
      "pairs": 430786
    },
    {
      "r": 5,
      "corr": -0.00259843963904464,
      "pairs": 666381
    },
    {
      "r": 6,
      "corr": 0.0006067777614888321,
      "pairs": 921212
    },
    {
      "r": 7,
      "corr": -3.367820802685046e-05,
      "pairs": 1169712
    },
    {
      "r": 8,
      "corr": 0.0006288391164996048,
      "pairs": 1381250
    },
    {
      "r": 9,
      "corr": -0.00020057939659998326,
      "pairs": 1548632
    },
    {
      "r": 10,
      "corr": 0.0004155514435898466,
      "pairs": 1654659
    },
    {
      "r": 11,
      "corr": -2.6023895976626233e-05,
      "pairs": 1698452
    },
    {
      "r": 12,
      "corr": -0.0001769809156769284,
      "pairs": 1678844
    },
    {
      "r": 13,
      "corr": 0.0018259950799913113,
      "pairs": 1607498
    },
    {
      "r": 14,
      "corr": 0.00011594413657223292,
      "pairs": 1488353
    },
    {
      "r": 15,
      "corr": -0.0006995823726161885,
      "pairs": 1345581
    },
    {
      "r": 16,
      "corr": -0.0011468852716444147,
      "pairs": 1186847
    }
  ]
}