{
  "kernel": "K_4096_same_rho1p16_a2p55_b1p50.npy",
  "attrs": "attrs_4096_phi_omega.npz",
  "quantile": 0.9995,
  "maxdist": 16,
  "samples": 4096,
  "corr_vs_r": [
    {
      "r": 1,
      "corr": 0.01885966809847019,
      "pairs": 8388
    },
    {
      "r": 2,
      "corr": -0.008356409675618322,
      "pairs": 10986
    },
    {
      "r": 3,
      "corr": 0.010474962503249589,
      "pairs": 14878
    },
    {
      "r": 4,
      "corr": -0.0013638790725628463,
      "pairs": 19650
    },
    {
      "r": 5,
      "corr": 0.004906889454519809,
      "pairs": 25606
    },
    {
      "r": 6,
      "corr": -0.008832028650095237,
      "pairs": 32598
    },
    {
      "r": 7,
      "corr": -0.01904505644057711,
      "pairs": 39794
    },
    {
      "r": 8,
      "corr": 0.010873412346840472,
      "pairs": 47680
    },
    {
      "r": 9,
      "corr": 0.0054949371744970185,
      "pairs": 56732
    },
    {
      "r": 10,
      "corr": -0.007734790050478585,
      "pairs": 66328
    },
    {
      "r": 11,
      "corr": -0.0077252756042940785,
      "pairs": 76252
    },
    {
      "r": 12,
      "corr": -0.004658323605184377,
      "pairs": 86430
    },
    {
      "r": 13,
      "corr": 0.003537053018109166,
      "pairs": 96396
    },
    {
      "r": 14,
      "corr": 0.0046235520010133695,
      "pairs": 106018
    },
    {
      "r": 15,
      "corr": 0.005231476089103222,
      "pairs": 114836
    },
    {
      "r": 16,
      "corr": 0.002827719020100179,
      "pairs": 121120
    }
  ]
}