{
  "kernel": "K_8192_opposite_rho1p16_a2p55_b1p50.npy",
  "attrs": "attrs_8192_phi_omega.npz",
  "quantile": 0.9995,
  "maxdist": 16,
  "samples": 4096,
  "corr_vs_r": [
    {
      "r": 1,
      "corr": -0.009986024684042265,
      "pairs": 16775
    },
    {
      "r": 2,
      "corr": -0.005081145854627008,
      "pairs": 38878
    },
    {
      "r": 3,
      "corr": -0.00015149554023667023,
      "pairs": 75778
    },
    {
      "r": 4,
      "corr": -0.007659499086687462,
      "pairs": 131074
    },
    {
      "r": 5,
      "corr": 0.0029413568427074876,
      "pairs": 202359
    },
    {
      "r": 6,
      "corr": 0.002303046386280499,
      "pairs": 288070
    },
    {
      "r": 7,
      "corr": -0.004340877157446325,
      "pairs": 384794
    },
    {
      "r": 8,
      "corr": -0.0013478752595695203,
      "pairs": 487300
    },
    {
      "r": 9,
      "corr": -0.00030741265626817535,
      "pairs": 587090
    },
    {
      "r": 10,
      "corr": -0.0008827604304010046,
      "pairs": 676968
    },
    {
      "r": 11,
      "corr": 0.0012196646715064135,
      "pairs": 751588
    },
    {
      "r": 12,
      "corr": -2.019240737892051e-05,
      "pairs": 807873
    },
    {
      "r": 13,
      "corr": 0.0007064046370275233,
      "pairs": 842080
    },
    {
      "r": 14,
      "corr": 0.000949550059195314,
      "pairs": 856999
    },
    {
      "r": 15,
      "corr": -0.0002941177767736273,
      "pairs": 851729
    },
    {
      "r": 16,
      "corr": -0.00024112976402986848,
      "pairs": 823381
    }
  ]
}