{
  "kernel": "K_8192_same_rho1p16_a2p55_b1p50.npy",
  "attrs": "attrs_8192_phi_omega.npz",
  "quantile": 0.9995,
  "maxdist": 16,
  "samples": 4096,
  "corr_vs_r": [
    {
      "r": 1,
      "corr": -0.012592095431726845,
      "pairs": 16789
    },
    {
      "r": 2,
      "corr": -0.004877528371049033,
      "pairs": 35623
    },
    {
      "r": 3,
      "corr": -0.0037546020285708893,
      "pairs": 67683
    },
    {
      "r": 4,
      "corr": -0.004094397455291144,
      "pairs": 115384
    },
    {
      "r": 5,
      "corr": -0.0020921057582477033,
      "pairs": 176249
    },
    {
      "r": 6,
      "corr": 0.004335977634440831,
      "pairs": 250144
    },
    {
      "r": 7,
      "corr": -0.0013120076618872766,
      "pairs": 334386
    },
    {
      "r": 8,
      "corr": -0.003478909097429165,
      "pairs": 426010
    },
    {
      "r": 9,
      "corr": 0.0009171120156991314,
      "pairs": 517165
    },
    {
      "r": 10,
      "corr": 0.000866883031012748,
      "pairs": 600882
    },
    {
      "r": 11,
      "corr": 0.0015907042412837843,
      "pairs": 672847
    },
    {
      "r": 12,
      "corr": -0.0018978026065030534,
      "pairs": 732056
    },
    {
      "r": 13,
      "corr": 0.0012347911238065764,
      "pairs": 778291
    },
    {
      "r": 14,
      "corr": -0.001111977207160157,
      "pairs": 804127
    },
    {
      "r": 15,
      "corr": 0.0008306413885782143,
      "pairs": 809438
    },
    {
      "r": 16,
      "corr": 0.0009873030768321126,
      "pairs": 799556
    }
  ]
}