{
  "kernel": "K_4096_opposite_rho1p16_a2p55_b1p50.npy",
  "attrs": "attrs_4096_phi_omega.npz",
  "quantile": 0.999,
  "maxdist": 16,
  "samples": 4096,
  "corr_vs_r": [
    {
      "r": 1,
      "corr": 0.007303269958805063,
      "pairs": 16774
    },
    {
      "r": 2,
      "corr": -0.010961446901394955,
      "pairs": 38558
    },
    {
      "r": 3,
      "corr": 0.004361291180176498,
      "pairs": 75460
    },
    {
      "r": 4,
      "corr": 9.123958699746483e-05,
      "pairs": 127748
    },
    {
      "r": 5,
      "corr": -0.002323244505873618,
      "pairs": 193790
    },
    {
      "r": 6,
      "corr": -0.00047224440706171563,
      "pairs": 272392
    },
    {
      "r": 7,
      "corr": 0.0005212868826089603,
      "pairs": 353050
    },
    {
      "r": 8,
      "corr": -0.001962107406978251,
      "pairs": 429192
    },
    {
      "r": 9,
      "corr": -0.0015820345593009837,
      "pairs": 494346
    },
    {
      "r": 10,
      "corr": -0.0014167743243417067,
      "pairs": 539558
    },
    {
      "r": 11,
      "corr": 0.0009124389401489331,
      "pairs": 566160
    },
    {
      "r": 12,
      "corr": 0.00042171269665597583,
      "pairs": 574126
    },
    {
      "r": 13,
      "corr": 0.00018718835005438213,
      "pairs": 563268
    },
    {
      "r": 14,
      "corr": 0.0008613922707153819,
      "pairs": 534898
    },
    {
      "r": 15,
      "corr": -0.00017441680290492822,
      "pairs": 494038
    },
    {
      "r": 16,
      "corr": -0.002975300580195327,
      "pairs": 445674
    }
  ]
}