{
  "rows": [
    {
      "file": "K_1024_same_rho1p20_a2p50_b1p60_tfine.json",
      "kernel_file": "K_1024_same_rho1p20_a2p50_b1p60.npy",
      "n": 1024,
      "spin": "same",
      "rho_scale": 1.2,
      "a2": 0.5,
      "beta": 1.6,
      "sdim": -0.020472587902071758,
      "se": 0.00039906713575060907,
      "mds_stress": 0.9193812076327408
    },
    {
      "file": "K_1024_same_rho1p2_a20p5_b1p6_tfine.json",
      "kernel_file": "K_1024_same_rho1p2_a20p5_b1p6.npy",
      "n": null,
      "spin": null,
      "rho_scale": null,
      "a2": null,
      "beta": null,
      "sdim": -0.020472587902071758,
      "se": 0.00039906713575060907,
      "mds_stress": 0.9193812076327408
    },
    {
      "file": "K_2048_opp_rho1p16_a20p45_bIGNORED_tfine.json",
      "kernel_file": "K_2048_opp_rho1p16_a20p45_bIGNORED.npy",
      "n": null,
      "spin": null,
      "rho_scale": null,
      "a2": null,
      "beta": null,
      "sdim": -56.71101402415588,
      "se": 0.002088698781930006,
      "mds_stress": 0.9560302180582281
    },
    {
      "file": "K_2048_opp_rho1p16_a20p50_bIGNORED_tfine.json",
      "kernel_file": "K_2048_opp_rho1p16_a20p50_bIGNORED.npy",
      "n": null,
      "spin": null,
      "rho_scale": null,
      "a2": null,
      "beta": null,
      "sdim": -54.69946537441116,
      "se": 0.0021947102330500618,
      "mds_stress": 0.9557859990305658
    },
    {
      "file": "K_2048_opp_rho1p16_a20p55_bIGNORED_tfine.json",
      "kernel_file": "K_2048_opp_rho1p16_a20p55_bIGNORED.npy",
      "n": null,
      "spin": null,
      "rho_scale": null,
      "a2": null,
      "beta": null,
      "sdim": -52.81563197488266,
      "se": 0.002288191659065537,
      "mds_stress": 0.9559135084781544
    },
    {
      "file": "K_2048_opp_rho1p20_a20p45_bIGNORED_tfine.json",
      "kernel_file": "K_2048_opp_rho1p20_a20p45_bIGNORED.npy",
      "n": null,
      "spin": null,
      "rho_scale": null,
      "a2": null,
      "beta": null,
      "sdim": -56.71101402415588,
      "se": 0.002088698781930006,
      "mds_stress": 0.9560302180582281
    },
    {
      "file": "K_2048_opp_rho1p20_a20p50_bIGNORED_tfine.json",
      "kernel_file": "K_2048_opp_rho1p20_a20p50_bIGNORED.npy",
      "n": null,
      "spin": null,
      "rho_scale": null,
      "a2": null,
      "beta": null,
      "sdim": -54.69946537441116,
      "se": 0.0021947102330500618,
      "mds_stress": 0.9557859990305658
    },
    {
      "file": "K_2048_opp_rho1p20_a20p55_bIGNORED_tfine.json",
      "kernel_file": "K_2048_opp_rho1p20_a20p55_bIGNORED.npy",
      "n": null,
      "spin": null,
      "rho_scale": null,
      "a2": null,
      "beta": null,
      "sdim": -52.81563197488266,
      "se": 0.002288191659065537,
      "mds_stress": 0.9559135084781544
    },
    {
      "file": "K_2048_same_rho1p12_a2p55_b1p50_tfine.json",
      "kernel_file": "K_2048_same_rho1p12_a2p55_b1p50.npy",
      "n": 2048,
      "spin": "same",
      "rho_scale": 1.12,
      "a2": 0.55,
      "beta": 1.5,
      "sdim": -0.09455018323622384,
      "se": 0.0004869279629492719,
      "mds_stress": 0.9476377967688089
    },
    {
      "file": "K_2048_same_rho1p14_a2p55_b1p50_tfine.json",
      "kernel_file": "K_2048_same_rho1p14_a2p55_b1p50.npy",
      "n": 2048,
      "spin": "same",
      "rho_scale": 1.14,
      "a2": 0.55,
      "beta": 1.5,
      "sdim": -0.09524261837650624,
      "se": 0.00047687313387121435,
      "mds_stress": 0.9454685796799444
    },
    {
      "file": "K_2048_same_rho1p16_a2p55_b1p35_tfine.json",
      "kernel_file": "K_2048_same_rho1p16_a2p55_b1p35.npy",
      "n": 2048,
      "spin": "same",
      "rho_scale": 1.16,
      "a2": 0.55,
      "beta": 1.35,
      "sdim": -0.09682346777414455,
      "se": 0.0004883751867642197,
      "mds_stress": 0.933842578834558
    },
    {
      "file": "K_2048_same_rho1p16_a2p55_b1p40_tfine.json",
      "kernel_file": "K_2048_same_rho1p16_a2p55_b1p40.npy",
      "n": 2048,
      "spin": "same",
      "rho_scale": 1.16,
      "a2": 0.55,
      "beta": 1.4,
      "sdim": -0.09646393226222523,
      "se": 0.0004807927987728529,
      "mds_stress": 0.9370526580061734
    },
    {
      "file": "K_2048_same_rho1p16_a2p55_b1p42_tfine.json",
      "kernel_file": "K_2048_same_rho1p16_a2p55_b1p42.npy",
      "n": 2048,
      "spin": "same",
      "rho_scale": 1.16,
      "a2": 0.55,
      "beta": 1.42,
      "sdim": -0.09610571732032265,
      "se": 0.00028450321413243755,
      "mds_stress": 0.9382714786283516
    },
    {
      "file": "K_2048_same_rho1p16_a2p55_b1p44_tfine.json",
      "kernel_file": "K_2048_same_rho1p16_a2p55_b1p44.npy",
      "n": 2048,
      "spin": "same",
      "rho_scale": 1.16,
      "a2": 0.55,
      "beta": 1.44,
      "sdim": -0.09599228500277851,
      "se": 0.000283613339613363,
      "mds_stress": 0.9394762436541346
    },
    {
      "file": "K_2048_same_rho1p16_a2p55_b1p45_tfine.json",
      "kernel_file": "K_2048_same_rho1p16_a2p55_b1p45.npy",
      "n": 2048,
      "spin": "same",
      "rho_scale": 1.16,
      "a2": 0.55,
      "beta": 1.45,
      "sdim": -0.0961831087567816,
      "se": 0.0004739794174986059,
      "mds_stress": 0.9400818076690773
    },
    {
      "file": "K_2048_same_rho1p16_a2p55_b1p46_tfine.json",
      "kernel_file": "K_2048_same_rho1p16_a2p55_b1p46.npy",
      "n": 2048,
      "spin": "same",
      "rho_scale": 1.16,
      "a2": 0.55,
      "beta": 1.46,
      "sdim": -0.09588927644502547,
      "se": 0.00028279092928873634,
      "mds_stress": 0.9406955852643841
    },
    {
      "file": "K_2048_same_rho1p16_a2p55_b1p48_tfine.json",
      "kernel_file": "K_2048_same_rho1p16_a2p55_b1p48.npy",
      "n": 2048,
      "spin": "same",
      "rho_scale": 1.16,
      "a2": 0.55,
      "beta": 1.48,
      "sdim": -0.09579584095118342,
      "se": 0.0002820206302219308,
      "mds_stress": 0.9419691805344889
    },
    {
      "file": "K_2048_same_rho1p16_a2p55_b1p50_tfine.json",
      "kernel_file": "K_2048_same_rho1p16_a2p55_b1p50.npy",
      "n": 2048,
      "spin": "same",
      "rho_scale": 1.16,
      "a2": 0.55,
      "beta": 1.5,
      "sdim": -0.09596508934108818,
      "se": 0.000467534735698539,
      "mds_stress": 0.9433317132219565
    },
    {
      "file": "K_2048_same_rho1p16_a2p55_b1p52_tfine.json",
      "kernel_file": "K_2048_same_rho1p16_a2p55_b1p52.npy",
      "n": 2048,
      "spin": "same",
      "rho_scale": 1.16,
      "a2": 0.55,
      "beta": 1.52,
      "sdim": -0.09563445659902921,
      "se": 0.00028061667276641503,
      "mds_stress": 0.9447719467114661
    },
    {
      "file": "K_2048_same_rho1p16_a2p55_b1p54_tfine.json",
      "kernel_file": "K_2048_same_rho1p16_a2p55_b1p54.npy",
      "n": 2048,
      "spin": "same",
      "rho_scale": 1.16,
      "a2": 0.55,
      "beta": 1.54,
      "sdim": -0.09556518311131183,
      "se": 0.0002799790840874451,
      "mds_stress": 0.9462098105957568
    },
    {
      "file": "K_2048_same_rho1p16_a2p55_b1p55_tfine.json",
      "kernel_file": "K_2048_same_rho1p16_a2p55_b1p55.npy",
      "n": 2048,
      "spin": "same",
      "rho_scale": 1.16,
      "a2": 0.55,
      "beta": 1.55,
      "sdim": -0.09579728883905536,
      "se": 0.0004614249640430226,
      "mds_stress": 0.9468964178316792
    },
    {
      "file": "K_2048_same_rho1p16_a2p55_b1p56_tfine.json",
      "kernel_file": "K_2048_same_rho1p16_a2p55_b1p56.npy",
      "n": 2048,
      "spin": "same",
      "rho_scale": 1.16,
      "a2": 0.55,
      "beta": 1.56,
      "sdim": -0.09550273966182372,
      "se": 0.00027938444787178006,
      "mds_stress": 0.9475501820999067
    },
    {
      "file": "K_2048_same_rho1p16_a2p55_b1p58_tfine.json",
      "kernel_file": "K_2048_same_rho1p16_a2p55_b1p58.npy",
      "n": 2048,
      "spin": "same",
      "rho_scale": 1.16,
      "a2": 0.55,
      "beta": 1.58,
      "sdim": -0.09544659510483293,
      "se": 0.0002788200694122977,
      "mds_stress": 0.9487501103134037
    },
    {
      "file": "K_2048_same_rho1p16_a2p55_b1p60_tfine.json",
      "kernel_file": "K_2048_same_rho1p16_a2p55_b1p60.npy",
      "n": 2048,
      "spin": "same",
      "rho_scale": 1.16,
      "a2": 0.55,
      "beta": 1.6,
      "sdim": -0.09567034824815804,
      "se": 0.00045547909385990483,
      "mds_stress": 0.9498178628914892
    },
    {
      "file": "K_2048_same_rho1p16_a2p55_b1p62_tfine.json",
      "kernel_file": "K_2048_same_rho1p16_a2p55_b1p62.npy",
      "n": 2048,
      "spin": "same",
      "rho_scale": 1.16,
      "a2": 0.55,
      "beta": 1.62,
      "sdim": -0.09535130691797705,
      "se": 0.00027778184343316056,
      "mds_stress": 0.9507795625159308
    },
    {
      "file": "K_2048_same_rho1p16_a2p55_b1p64_tfine.json",
      "kernel_file": "K_2048_same_rho1p16_a2p55_b1p64.npy",
      "n": 2048,
      "spin": "same",
      "rho_scale": 1.16,
      "a2": 0.55,
      "beta": 1.64,
      "sdim": -0.09531135788816768,
      "se": 0.00027730831750942943,
      "mds_stress": 0.951659351085695
    },
    {
      "file": "K_2048_same_rho1p16_a2p55_b1p65_tfine.json",
      "kernel_file": "K_2048_same_rho1p16_a2p55_b1p65.npy",
      "n": 2048,
      "spin": "same",
      "rho_scale": 1.16,
      "a2": 0.55,
      "beta": 1.65,
      "sdim": -0.0955769674307986,
      "se": 0.00044968801896859065,
      "mds_stress": 0.9520742591540146
    },
    {
      "file": "K_2048_same_rho1p18_a2p55_b1p50_tfine.json",
      "kernel_file": "K_2048_same_rho1p18_a2p55_b1p50.npy",
      "n": 2048,
      "spin": "same",
      "rho_scale": 1.18,
      "a2": 0.55,
      "beta": 1.5,
      "sdim": -0.09671938234495546,
      "se": 0.00045907857281795363,
      "mds_stress": 0.9413338294835152
    },
    {
      "file": "K_2048_same_rho1p20_a2p50_b1p60_tfine.json",
      "kernel_file": "K_2048_same_rho1p20_a2p50_b1p60.npy",
      "n": 2048,
      "spin": "same",
      "rho_scale": 1.2,
      "a2": 0.5,
      "beta": 1.6,
      "sdim": -0.05367080571827464,
      "se": 0.0001413789539067268,
      "mds_stress": 0.9458286944637749
    },
    {
      "file": "K_2048_same_rho1p20_a2p55_b1p50_tfine.json",
      "kernel_file": "K_2048_same_rho1p20_a2p55_b1p50.npy",
      "n": 2048,
      "spin": "same",
      "rho_scale": 1.2,
      "a2": 0.55,
      "beta": 1.5,
      "sdim": -0.0975071890590555,
      "se": 0.0004517652499791564,
      "mds_stress": 0.9394751068671232
    },
    {
      "file": "K_2048_same_rho1p2_a20p5_b1p6_tfine.json",
      "kernel_file": "K_2048_same_rho1p2_a20p5_b1p6.npy",
      "n": null,
      "spin": null,
      "rho_scale": null,
      "a2": null,
      "beta": null,
      "sdim": -0.09747332520430252,
      "se": 0.0002536208871296189,
      "mds_stress": 0.9458286944637749
    },
    {
      "file": "K_4096_same_rho1p12_a2p55_b1p50_tfine.json",
      "kernel_file": "K_4096_same_rho1p12_a2p55_b1p50.npy",
      "n": 4096,
      "spin": "same",
      "rho_scale": 1.12,
      "a2": 0.55,
      "beta": 1.5,
      "sdim": -0.18582733760201595,
      "se": 0.0009839445232694645,
      "mds_stress": 0.9691473413253293
    },
    {
      "file": "K_4096_same_rho1p14_a2p55_b1p50_tfine.json",
      "kernel_file": "K_4096_same_rho1p14_a2p55_b1p50.npy",
      "n": 4096,
      "spin": "same",
      "rho_scale": 1.14,
      "a2": 0.55,
      "beta": 1.5,
      "sdim": -0.187554297998056,
      "se": 0.0009715411751536142,
      "mds_stress": 0.9677459064432634
    },
    {
      "file": "K_4096_same_rho1p16_a2p55_b1p35_tfine.json",
      "kernel_file": "K_4096_same_rho1p16_a2p55_b1p35.npy",
      "n": 4096,
      "spin": "same",
      "rho_scale": 1.16,
      "a2": 0.55,
      "beta": 1.35,
      "sdim": -0.1911493070865395,
      "se": 0.0009777946608145805,
      "mds_stress": 0.9575201667131182
    },
    {
      "file": "K_4096_same_rho1p16_a2p55_b1p40_tfine.json",
      "kernel_file": "K_4096_same_rho1p16_a2p55_b1p40.npy",
      "n": 4096,
      "spin": "same",
      "rho_scale": 1.16,
      "a2": 0.55,
      "beta": 1.4,
      "sdim": -0.19040229727634528,
      "se": 0.0009708466068498054,
      "mds_stress": 0.9606461913627543
    },
    {
      "file": "K_4096_same_rho1p16_a2p55_b1p45_tfine.json",
      "kernel_file": "K_4096_same_rho1p16_a2p55_b1p45.npy",
      "n": 4096,
      "spin": "same",
      "rho_scale": 1.16,
      "a2": 0.55,
      "beta": 1.45,
      "sdim": -0.1898079305198757,
      "se": 0.0009650215213013319,
      "mds_stress": 0.9636165536482617
    },
    {
      "file": "K_4096_same_rho1p16_a2p55_b1p50_tfine.json",
      "kernel_file": "K_4096_same_rho1p16_a2p55_b1p50.npy",
      "n": 4096,
      "spin": "same",
      "rho_scale": 1.16,
      "a2": 0.55,
      "beta": 1.5,
      "sdim": -0.18933606069251033,
      "se": 0.0009599453999658157,
      "mds_stress": 0.9662998333841258
    },
    {
      "file": "K_4096_same_rho1p16_a2p55_b1p55_tfine.json",
      "kernel_file": "K_4096_same_rho1p16_a2p55_b1p55.npy",
      "n": 4096,
      "spin": "same",
      "rho_scale": 1.16,
      "a2": 0.55,
      "beta": 1.55,
      "sdim": -0.18896342739779232,
      "se": 0.0009554070365296323,
      "mds_stress": 0.9686300293199522
    },
    {
      "file": "K_4096_same_rho1p16_a2p55_b1p60_tfine.json",
      "kernel_file": "K_4096_same_rho1p16_a2p55_b1p60.npy",
      "n": 4096,
      "spin": "same",
      "rho_scale": 1.16,
      "a2": 0.55,
      "beta": 1.6,
      "sdim": -0.1886724724402659,
      "se": 0.0009510713941494375,
      "mds_stress": 0.9706309206034658
    },
    {
      "file": "K_4096_same_rho1p16_a2p55_b1p65_tfine.json",
      "kernel_file": "K_4096_same_rho1p16_a2p55_b1p65.npy",
      "n": 4096,
      "spin": "same",
      "rho_scale": 1.16,
      "a2": 0.55,
      "beta": 1.65,
      "sdim": -0.1884494661427248,
      "se": 0.0009469775362394725,
      "mds_stress": 0.9723532221664539
    },
    {
      "file": "K_4096_same_rho1p18_a2p55_b1p50_tfine.json",
      "kernel_file": "K_4096_same_rho1p18_a2p55_b1p50.npy",
      "n": 4096,
      "spin": "same",
      "rho_scale": 1.18,
      "a2": 0.55,
      "beta": 1.5,
      "sdim": -0.19117347636443802,
      "se": 0.0009494632451988312,
      "mds_stress": 0.9648144339975342
    },
    {
      "file": "K_4096_same_rho1p20_a2p50_b1p60_tfine.json",
      "kernel_file": "K_4096_same_rho1p20_a2p50_b1p60.npy",
      "n": 4096,
      "spin": "same",
      "rho_scale": 1.2,
      "a2": 0.5,
      "beta": 1.6,
      "sdim": -0.15185987847815843,
      "se": 0.0008348915336847507,
      "mds_stress": 0.9677432232570372
    },
    {
      "file": "K_4096_same_rho1p20_a2p55_b1p50_tfine.json",
      "kernel_file": "K_4096_same_rho1p20_a2p55_b1p50.npy",
      "n": 4096,
      "spin": "same",
      "rho_scale": 1.2,
      "a2": 0.55,
      "beta": 1.5,
      "sdim": -0.1930688683115398,
      "se": 0.0009404907972385426,
      "mds_stress": 0.9632988248683987
    },
    {
      "file": "K_4096_same_rho1p2_a20p5_b1p6_tfine.json",
      "kernel_file": "K_4096_same_rho1p2_a20p5_b1p6.npy",
      "n": null,
      "spin": null,
      "rho_scale": null,
      "a2": null,
      "beta": null,
      "sdim": -0.19355061566186982,
      "se": 0.0010597324317631847,
      "mds_stress": 0.9677432232570372
    },
    {
      "file": "K_8192_same_rho1p12_a2p55_b1p50_tfine.json",
      "kernel_file": "K_8192_same_rho1p12_a2p55_b1p50.npy",
      "n": 8192,
      "spin": "same",
      "rho_scale": 1.12,
      "a2": 0.55,
      "beta": 1.5,
      "sdim": -0.2730763708447145,
      "se": 0.0016770955465805304,
      "mds_stress": 0.9806494425715875
    },
    {
      "file": "K_8192_same_rho1p14_a2p55_b1p50_tfine.json",
      "kernel_file": "K_8192_same_rho1p14_a2p55_b1p50.npy",
      "n": 8192,
      "spin": "same",
      "rho_scale": 1.14,
      "a2": 0.55,
      "beta": 1.5,
      "sdim": -0.27643589606841223,
      "se": 0.0016859321386139968,
      "mds_stress": 0.9799112144857351
    },
    {
      "file": "K_8192_same_rho1p16_a2p55_b1p35_tfine.json",
      "kernel_file": "K_8192_same_rho1p16_a2p55_b1p35.npy",
      "n": 8192,
      "spin": "same",
      "rho_scale": 1.16,
      "a2": 0.55,
      "beta": 1.35,
      "sdim": -0.2846277947863278,
      "se": 0.0017241684535242792,
      "mds_stress": 0.9745757183958227
    },
    {
      "file": "K_8192_same_rho1p16_a2p55_b1p40_tfine.json",
      "kernel_file": "K_8192_same_rho1p16_a2p55_b1p40.npy",
      "n": 8192,
      "spin": "same",
      "rho_scale": 1.16,
      "a2": 0.55,
      "beta": 1.4,
      "sdim": -0.2827692696120412,
      "se": 0.0017124073484786,
      "mds_stress": 0.9763244076128801
    },
    {
      "file": "K_8192_same_rho1p16_a2p55_b1p45_tfine.json",
      "kernel_file": "K_8192_same_rho1p16_a2p55_b1p45.npy",
      "n": 8192,
      "spin": "same",
      "rho_scale": 1.16,
      "a2": 0.55,
      "beta": 1.45,
      "sdim": -0.28120679989940767,
      "se": 0.0017031669419028481,
      "mds_stress": 0.9778387169688351
    },
    {
      "file": "K_8192_same_rho1p16_a2p55_b1p50_tfine.json",
      "kernel_file": "K_8192_same_rho1p16_a2p55_b1p50.npy",
      "n": 8192,
      "spin": "same",
      "rho_scale": 1.16,
      "a2": 0.55,
      "beta": 1.5,
      "sdim": -0.2798865432495651,
      "se": 0.0016958031226669032,
      "mds_stress": 0.9791606876635998
    },
    {
      "file": "K_8192_same_rho1p16_a2p55_b1p55_tfine.json",
      "kernel_file": "K_8192_same_rho1p16_a2p55_b1p55.npy",
      "n": 8192,
      "spin": "same",
      "rho_scale": 1.16,
      "a2": 0.55,
      "beta": 1.55,
      "sdim": -0.2787668855385519,
      "se": 0.0016895106896659673,
      "mds_stress": 0.9803213092441854
    },
    {
      "file": "K_8192_same_rho1p16_a2p55_b1p60_tfine.json",
      "kernel_file": "K_8192_same_rho1p16_a2p55_b1p60.npy",
      "n": 8192,
      "spin": "same",
      "rho_scale": 1.16,
      "a2": 0.55,
      "beta": 1.6,
      "sdim": -0.27781558040424353,
      "se": 0.0016842417295364533,
      "mds_stress": 0.9813472568104997
    },
    {
      "file": "K_8192_same_rho1p16_a2p55_b1p65_tfine.json",
      "kernel_file": "K_8192_same_rho1p16_a2p55_b1p65.npy",
      "n": 8192,
      "spin": "same",
      "rho_scale": 1.16,
      "a2": 0.55,
      "beta": 1.65,
      "sdim": -0.2770071917008242,
      "se": 0.0016799742197373957,
      "mds_stress": 0.9822610925916012
    },
    {
      "file": "K_8192_same_rho1p18_a2p55_b1p50_tfine.json",
      "kernel_file": "K_8192_same_rho1p18_a2p55_b1p50.npy",
      "n": 8192,
      "spin": "same",
      "rho_scale": 1.18,
      "a2": 0.55,
      "beta": 1.5,
      "sdim": -0.28343075674835194,
      "se": 0.0017069975420016255,
      "mds_stress": 0.9783976774462138
    },
    {
      "file": "K_8192_same_rho1p20_a2p50_b1p60_tfine.json",
      "kernel_file": "K_8192_same_rho1p20_a2p50_b1p60.npy",
      "n": 8192,
      "spin": "same",
      "rho_scale": 1.2,
      "a2": 0.5,
      "beta": 1.6,
      "sdim": -0.24783103478750837,
      "se": 0.0007818552931001002,
      "mds_stress": 0.9798320343026689
    },
    {
      "file": "K_8192_same_rho1p20_a2p55_b1p50_tfine.json",
      "kernel_file": "K_8192_same_rho1p20_a2p55_b1p50.npy",
      "n": 8192,
      "spin": "same",
      "rho_scale": 1.2,
      "a2": 0.55,
      "beta": 1.5,
      "sdim": -0.2870709224888279,
      "se": 0.0017197170684723534,
      "mds_stress": 0.9776220644055307
    },
    {
      "file": "K_8192_same_rho1p2_a20p5_b1p6_tfine.json",
      "kernel_file": "K_8192_same_rho1p2_a20p5_b1p6.npy",
      "n": null,
      "spin": null,
      "rho_scale": null,
      "a2": null,
      "beta": null,
      "sdim": -0.2860555023438224,
      "se": 0.0009829693118541228,
      "mds_stress": 0.9798320343026689
    },
    {
      "file": "K_4096_same_rho1p12_a2p55_b1p50_smallt.json",
      "kernel_file": "K_4096_same_rho1p12_a2p55_b1p50.npy",
      "n": 4096,
      "spin": "same",
      "rho_scale": 1.12,
      "a2": 0.55,
      "beta": 1.5,
      "sdim": -0.04304948851138746,
      "se": 0.000148102878921644,
      "mds_stress": 0.9691473413253293
    },
    {
      "file": "K_4096_same_rho1p14_a2p55_b1p50_smallt.json",
      "kernel_file": "K_4096_same_rho1p14_a2p55_b1p50.npy",
      "n": 4096,
      "spin": "same",
      "rho_scale": 1.14,
      "a2": 0.55,
      "beta": 1.5,
      "sdim": -0.043303751273223855,
      "se": 0.0001468763363710436,
      "mds_stress": 0.9677459064432634
    },
    {
      "file": "K_4096_same_rho1p16_a2p55_b1p45_smallt.json",
      "kernel_file": "K_4096_same_rho1p16_a2p55_b1p45.npy",
      "n": 4096,
      "spin": "same",
      "rho_scale": 1.16,
      "a2": 0.55,
      "beta": 1.45,
      "sdim": -0.04355912093253635,
      "se": 0.00014532916207766802,
      "mds_stress": 0.9636165536482617
    },
    {
      "file": "K_4096_same_rho1p16_a2p55_b1p50_smallt.json",
      "kernel_file": "K_4096_same_rho1p16_a2p55_b1p50.npy",
      "n": 4096,
      "spin": "same",
      "rho_scale": 1.16,
      "a2": 0.55,
      "beta": 1.5,
      "sdim": -0.04355970028418384,
      "se": 0.0001456463839842607,
      "mds_stress": 0.9662998333841258
    },
    {
      "file": "K_4096_same_rho1p16_a2p55_b1p55_smallt.json",
      "kernel_file": "K_4096_same_rho1p16_a2p55_b1p55.npy",
      "n": 4096,
      "spin": "same",
      "rho_scale": 1.16,
      "a2": 0.55,
      "beta": 1.55,
      "sdim": -0.04356556503037296,
      "se": 0.00014595482504762414,
      "mds_stress": 0.9686300293199522
    },
    {
      "file": "K_4096_same_rho1p18_a2p55_b1p50_smallt.json",
      "kernel_file": "K_4096_same_rho1p18_a2p55_b1p50.npy",
      "n": 4096,
      "spin": "same",
      "rho_scale": 1.18,
      "a2": 0.55,
      "beta": 1.5,
      "sdim": -0.04381724868226411,
      "se": 0.00014441511100591847,
      "mds_stress": 0.9648144339975342
    },
    {
      "file": "K_4096_same_rho1p20_a2p55_b1p50_smallt.json",
      "kernel_file": "K_4096_same_rho1p20_a2p55_b1p50.npy",
      "n": 4096,
      "spin": "same",
      "rho_scale": 1.2,
      "a2": 0.55,
      "beta": 1.5,
      "sdim": -0.044076270905247655,
      "se": 0.00014318665693469158,
      "mds_stress": 0.9632988248683987
    },
    {
      "file": "K_8192_same_rho1p12_a2p55_b1p50_smallt.json",
      "kernel_file": "K_8192_same_rho1p12_a2p55_b1p50.npy",
      "n": 8192,
      "spin": "same",
      "rho_scale": 1.12,
      "a2": 0.55,
      "beta": 1.5,
      "sdim": -0.07345588173540203,
      "se": 0.00014094062259671327,
      "mds_stress": 0.9806494425715875
    },
    {
      "file": "K_8192_same_rho1p14_a2p55_b1p50_smallt.json",
      "kernel_file": "K_8192_same_rho1p14_a2p55_b1p50.npy",
      "n": 8192,
      "spin": "same",
      "rho_scale": 1.14,
      "a2": 0.55,
      "beta": 1.5,
      "sdim": -0.0741094697178293,
      "se": 0.00014066882035361757,
      "mds_stress": 0.9799112144857351
    },
    {
      "file": "K_8192_same_rho1p16_a2p55_b1p45_smallt.json",
      "kernel_file": "K_8192_same_rho1p16_a2p55_b1p45.npy",
      "n": 8192,
      "spin": "same",
      "rho_scale": 1.16,
      "a2": 0.55,
      "beta": 1.45,
      "sdim": -0.07492320934756155,
      "se": 0.00013953636671967657,
      "mds_stress": 0.9778387169688351
    },
    {
      "file": "K_8192_same_rho1p16_a2p55_b1p50_smallt.json",
      "kernel_file": "K_8192_same_rho1p16_a2p55_b1p50.npy",
      "n": 8192,
      "spin": "same",
      "rho_scale": 1.16,
      "a2": 0.55,
      "beta": 1.5,
      "sdim": -0.07477039155646943,
      "se": 0.00014039756670875442,
      "mds_stress": 0.9791606876635998
    },
    {
      "file": "K_8192_same_rho1p16_a2p55_b1p55_smallt.json",
      "kernel_file": "K_8192_same_rho1p16_a2p55_b1p55.npy",
      "n": 8192,
      "spin": "same",
      "rho_scale": 1.16,
      "a2": 0.55,
      "beta": 1.55,
      "sdim": -0.07463691442719568,
      "se": 0.00014121761241888423,
      "mds_stress": 0.9803213092441854
    },
    {
      "file": "K_8192_same_rho1p18_a2p55_b1p50_smallt.json",
      "kernel_file": "K_8192_same_rho1p18_a2p55_b1p50.npy",
      "n": 8192,
      "spin": "same",
      "rho_scale": 1.18,
      "a2": 0.55,
      "beta": 1.5,
      "sdim": -0.07543833806493386,
      "se": 0.00014013451299695138,
      "mds_stress": 0.9783976774462138
    },
    {
      "file": "K_8192_same_rho1p20_a2p55_b1p50_smallt.json",
      "kernel_file": "K_8192_same_rho1p20_a2p55_b1p50.npy",
      "n": 8192,
      "spin": "same",
      "rho_scale": 1.2,
      "a2": 0.55,
      "beta": 1.5,
      "sdim": -0.07611294494669692,
      "se": 0.00013988691104701578,
      "mds_stress": 0.9776220644055307
    }
  ]
}