node,mean_kappa_forman
0,-3627718.936923415
16,-3297474.221748608
29,-4767838.570377497
53,-2741545.1972821355
93,-2532406.8518040692
130,-3428426.3806140376
135,-2359255.653414312
158,-3521909.1120552793
169,-3240241.106358879
193,-3976656.5124758366
213,-4187766.078088329
312,-4640415.1626207
315,-2287988.919701422
318,-4001557.6250784523
325,-2750019.6756292214
342,-1907408.773415138
348,-3267526.181580843
367,-3297892.6058528493
377,-4555484.379583479
434,-4196822.514688948
458,-2337844.4938491997
489,-3267285.5840969444
495,-3191569.6957885176
503,-1551005.0904689466
504,-3250289.223658474
505,-1713998.5723450368
555,-6503030.462248554
605,-2573391.6937725423
619,-1288245.90530999
627,-2825362.6850467515
666,-3818701.2427892196
677,-1519750.4153480798
699,-1496333.8046128154
715,-1460518.9118185865
769,-4615672.228084619
789,-2634328.3615843705
832,-3218995.241354545
833,-1286750.907060909
838,-2605674.4843114982
849,-3119334.2341027744
855,-3667030.690966462
872,-3466695.5504782177
892,-6987069.180935439
900,-5504198.530251488
922,-3586262.160421769
942,-2959941.742441423
945,-4012924.2379457722
952,-4903329.757490435
974,-2639932.6356547233
1011,-1450453.3242035583
1021,-3909603.483564233
1026,-1847306.166452225
1051,-2966605.2907334105
1054,-2070092.1843315326
1069,-4724807.102302405
1085,-3967845.5789384185
1116,-1919742.5210937797
1123,-3779695.8616101895
1137,-1684426.712300823
1164,-3012001.921979839
1179,-3060394.889756715
1189,-4797252.204265329
1257,-4156032.1167132845
1272,-2717566.2614917667
1300,-3968954.7718565734
1326,-1769070.3971568462
1338,-3944366.9699633485
1381,-4421602.513199719
1387,-2566438.4099073308
1407,-1227548.782638836
1410,-1290192.374056418
1436,-2128757.590350434
1465,-4242296.137201795
1483,-3058744.3496969463
1504,-3411537.747504327
1505,-4471284.0281498125
1578,-2829006.908473089
1604,-4592542.805549953
1666,-3032173.382253994
1687,-1196729.1996044777
1699,-2596596.891863612
1700,-3890816.770995805
1713,-4206846.400322696
1738,-1325415.8339454571
1773,-2788504.783197039
1779,-4697827.0489762705
1783,-1704202.8232984608
1793,-2880714.7105924645
1812,-5126741.641999377
1815,-1744210.6935637225
1855,-2750319.894467236
1889,-3373366.0995225236
1897,-3565490.069428115
1910,-3064889.1846504505
1912,-2408733.6485407655
1917,-2815096.0093069435
1956,-3317472.5209260974
1999,-2557039.237943626
2012,-5384249.983493458
2017,-6192527.227114135
2044,-2132407.2271015616
2045,-4025767.584044886
2059,-4519218.59537475
2060,-955200.9719304376
2131,-4173957.861501364
2151,-2545101.0750731914
2160,-3057272.3984901947
2207,-2362019.308010156
2229,-1758796.157124494
2240,-4988956.003755678
2295,-2640805.101853632
2296,-2905759.6273128055
2328,-3673843.2260106727
2336,-3992861.749500814
2341,-3778276.824424013
2374,-6141992.6487537045
2387,-1975736.524392574
2401,-3403339.2052733656
2403,-2456629.741897564
2473,-1814180.1309273853
2491,-1391015.490874494
2502,-1626449.95167112
2514,-2913358.199734688
2522,-4810598.788948515
2551,-2311203.8914931156
2564,-2226006.25511859
2569,-3765337.108162196
2585,-1527034.6472667286
2592,-4138684.526004372
2594,-2461259.6582809184
2628,-5526226.279756701
2638,-2963698.092868301
2700,-3281929.0106440824
2715,-3612783.7013323787
2727,-2725398.562152734
2776,-1437526.5478275185
2778,-2461412.915134523
2808,-1984802.428071543
2834,-4900922.057006684
2839,-1936433.6577196356
2893,-1248794.57064139
2926,-4309160.357679504
2943,-3927303.498097955
2977,-2868322.5803009346
2997,-1915870.3897926994
3037,-5263131.432342125
3040,-4343636.470569503
3042,-1959760.2709912264
3068,-4993096.874874382
3084,-3903415.298273609
3109,-1677029.7614455149
3123,-1636353.935903384
3128,-2727526.59459313
3149,-4775049.530525095
3157,-3598242.676610152
3181,-1888356.0167711654
3182,-1455992.9722935515
3187,-4269693.521354964
3218,-4499769.549799948
3230,-1253057.9337221426
3235,-2735251.3542534662
3274,-3221581.268957151
3340,-3346609.8244312294
3393,-3897686.966956494
3461,-6162454.875104105
3508,-5116224.392690176
3517,-3572089.333836952
3561,-2873421.8479766166
3572,-3437659.1473450996
3576,-3787372.5834583794
3579,-1650297.2005164735
3620,-2687670.8775430396
3627,-1715547.1173209788
3632,-3385902.963704279
3644,-2643283.0301166144
3646,-4251332.962404237
3739,-1622403.7694246867
3749,-6166202.363488237
3754,-1963671.9785716978
3772,-3444874.251414915
3779,-1678144.644815291
3782,-1788999.18464347
3793,-2818050.8370945193
3794,-3284737.546252986
3796,-5874654.7733828435
3815,-3016507.7954730145
3836,-1207347.1430736047
3838,-3413585.8952029813
3842,-3762310.8128911625
3879,-2987707.749748101
3905,-3344212.015047608
3933,-1483969.037152524
3946,-4437045.45344152
3951,-5077620.242723944
3964,-5036567.774111874
3971,-2453623.498603529
3979,-4373866.040889706
4010,-2723020.465170907
4036,-6252383.990573903
4060,-3166794.027856047
4061,-1157951.4785666293
4085,-4654695.782458756
1,-1169470.3337183977
24,-2431731.758606208
65,-445475.257736534
111,-1705011.035375355
117,-446257.3112931651
125,-1141699.0324769907
138,-463063.1525620197
139,-2619007.3214163682
173,-1199270.631483309
230,-1152657.1623283257
262,-463773.4550298745
280,-561792.1828402944
306,-514713.44464532455
313,-325264.0557755471
327,-1644331.8323755376
421,-1965808.769544263
474,-2395636.4289679094
541,-335530.78322671325
564,-1785324.5859414819
659,-371337.1640051873
661,-930046.909919918
686,-1190761.4787957645
687,-2248411.2120091873
798,-3064057.507881111
836,-309691.22058419755
848,-253879.34709381382
862,-2405796.27937785
929,-560323.7152746383
1093,-3277549.184292922
1151,-963304.5233613636
1159,-1438177.9171462096
1198,-3035425.270694835
1230,-500561.7369693871
1364,-1070896.3065530725
1403,-628788.8191851253
1428,-392543.4872894866
1528,-2558839.0221253242
1557,-2004961.435833525
1558,-3329230.529197648
1692,-1850325.8820424976
1707,-564735.1481565012
1824,-296843.3238689671
1847,-1886244.0329090932
1902,-278670.9534417373
1930,-294207.962867906
1938,-588158.7018811846
1981,-566897.4615456165
2003,-3986398.78854106
2079,-1485174.7289475652
2083,-1911079.036511829
2193,-249302.11049925728
2308,-829964.4612211179
2389,-1303259.848803396
2460,-1915921.5444420432
2511,-1016643.0518596242
2559,-183581.12056568617
2561,-290655.6307107151
2570,-1420954.7401596922
2604,-3579812.887281171
2644,-580078.945401333
2662,-601692.1116215942
2677,-277952.2022377562
2689,-746568.1099962641
2690,-1599884.9396390144
2693,-1262876.739108575
2723,-484968.3203954582
2744,-1259483.5962637567
2749,-422732.0247709646
2853,-1197257.2624790287
2855,-604063.2080955881
2910,-2411559.412117631
2940,-890785.3241509111
2994,-590286.3660158449
3162,-2085678.5331966851
3168,-1701329.2846954342
3170,-2033696.3038463092
3175,-1957973.362028575
3189,-1562352.6361485443
3279,-1160298.7647554232
3336,-1415094.0299790949
3344,-1612435.9628086155
3377,-3640069.288275323
3439,-959895.6494623746
3516,-196674.69791438745
3612,-1896464.2943915073
3675,-133586.46176765786
3696,-1505299.4135432458
3780,-1013293.3657411898
3818,-2228136.911688175
3887,-537984.1696062908
3891,-2658569.884779559
3920,-1498769.4328464756
3957,-1020448.1756451401
4076,-3029236.555054202
2,-3801467.0625490816
9,-4871817.816590065
44,-4202715.663315248
54,-2676549.1815045495
116,-3437304.125597315
126,-5311225.743147561
145,-4497923.233411428
156,-5369422.438289577
160,-1904866.5466544428
208,-3081739.8102181456
216,-1962046.1949125112
352,-2553141.416424167
373,-4891264.0680105835
472,-5362226.64130016
584,-4300085.983715733
629,-2988560.030946552
665,-4599155.441936226
678,-3811819.9689376103
688,-2940488.0445664735
693,-2066250.2661928695
696,-4478072.493060097
721,-5532875.803611593
741,-1262162.9299406298
810,-2191606.1612144643
847,-5572374.95414201
877,-4638137.003028729
907,-3875199.903326663
912,-4066820.5967392004
933,-4654403.755817898
943,-1944061.6816136574
970,-4733655.685710865
985,-6023325.829732347
1003,-4877865.412315441
1040,-2788326.9143833127
1045,-5855301.445499382
1055,-1571650.3722191656
1079,-3093576.7255291804
1084,-1554236.2700309171
1096,-2257452.5767351263
1174,-3928962.5368690286
1207,-5545482.329538108
1214,-4955124.661068828
1217,-3114862.8899923014
1232,-5585272.917969133
1234,-5043555.624453692
1245,-1841634.1969972055
1249,-3611405.5786361764
1256,-4905796.2617760915
1271,-5464415.114803422
1283,-5932989.158826728
1320,-3866990.148835154
1351,-4261158.877710601
1353,-4476888.787265993
1355,-4090526.2281266726
1385,-3034052.938880092
1397,-5004931.570721751
1400,-3914241.7853177045
1401,-4535931.502064409
1408,-4556741.989212957
1453,-4165677.570414291
1488,-4473469.346311351
1501,-5237943.580196209
1590,-5710353.057993481
1632,-4730065.962709054
1646,-2614387.0817895224
1651,-3474187.6212832397
1659,-2077096.437966387
1690,-3220026.3285900746
1710,-1357082.4898432344
1735,-5337433.057361895
1736,-2514261.8291318323
1741,-3428557.1177280108
1759,-5007870.878966699
1826,-2031861.6297517898
1839,-2792171.5000449866
1899,-3748414.0714177084
1920,-4558370.298674641
1937,-2613907.9047120293
1943,-4322210.841355375
1969,-1683388.3427208462
1985,-4299827.616701148
2106,-4164623.799383512
2141,-5691500.351241323
2176,-4480317.103463624
2216,-3049921.887565604
2224,-2577820.40480637
2273,-3781059.749066928
2322,-4752842.768738625
2327,-5142179.607336612
2335,-2769226.0160917756
2443,-3107853.575405481
2449,-2075889.6234933
2501,-2567571.7183708185
2540,-3116797.189877934
2547,-2900925.5842382736
2571,-3342327.975014621
2588,-2085501.856010116
2603,-3522069.583432328
2676,-3984599.3041332695
2688,-6546453.192377745
2696,-2407522.3026031405
2706,-5941196.380288133
2714,-2436766.0627018707
2716,-5637608.395723467
2717,-3039110.209109712
2743,-4660731.799325517
2746,-2698042.6051753913
2761,-2241388.9063539235
2786,-4732345.295543214
2790,-3189741.3024453376
2802,-6134224.737081808
2820,-3381463.8937319103
2826,-3356082.3367387746
2866,-5088085.600272977
2882,-2811538.510288185
2913,-3701955.803754337
3004,-3651730.9969234685
3031,-3399022.003265138
3144,-5621534.981253225
3161,-3793823.740122312
3213,-4160648.1544414973
3232,-3416845.4888358205
3238,-4792875.883591642
3265,-5453192.346512991
3317,-4810229.411831413
3327,-3003851.935058808
3353,-3326120.8527508304
3356,-3951958.5397547064
3365,-3882692.2518511144
3398,-4356735.344507953
3448,-3712795.591497869
3501,-4023044.4401482195
3523,-3681419.0604439527
3529,-2962582.898633532
3534,-5862392.794901021
3544,-4756522.104839395
3591,-4235145.920565604
3688,-4906170.467013699
3698,-3605462.829067695
3764,-3174648.0600287435
3784,-4375538.383746835
3949,-3906585.0702331485
3956,-3773319.4900914105
3969,-3203651.6324686995
4030,-2922289.502997265
4069,-2621695.4395506564
3,-5986725.870474709
37,-3938755.3618235826
57,-5061527.655194819
73,-4702694.310726553
80,-5431121.955898007
83,-6501926.934708833
121,-2655164.8140410217
155,-4806331.460261159
172,-3004409.4128580014
181,-2189747.043269837
205,-2404468.632959388
239,-5801858.502601373
271,-6111905.251328017
273,-5969476.2151794415
276,-5017036.8004262205
285,-2274743.683672568
287,-4365296.150107485
294,-6404005.461385394
333,-3160661.860510089
372,-3312842.713091124
375,-3275590.9710453115
397,-4682208.848335346
414,-6603481.148923571
415,-6072585.6681808755
442,-4797131.804285707
471,-6711143.810737399
486,-2096621.8611456242
494,-6541420.228313964
515,-7894876.504659002
527,-4371167.603202622
533,-4125248.474654361
577,-2276858.340014507
596,-4580203.037449042
600,-1950342.026209283
640,-4049694.252910616
651,-2863232.316470801
673,-5370974.2670114
682,-2591094.04018509
728,-3238092.683575333
735,-4471472.576868691
740,-5364821.386506268
745,-3180656.56094127
777,-3140171.949979976
778,-2716649.6536377543
797,-4348010.016471444
812,-5542203.226202548
860,-4484599.70877709
875,-4812470.94536381
887,-3146708.1691697584
896,-4184819.6548750848
949,-3860246.976789384
954,-5217055.048316173
964,-2514302.0891220025
996,-1733929.037498349
998,-1875094.5571850906
1002,-3605501.040689097
1012,-3182986.0989707257
1064,-5445393.607467428
1081,-5609435.612321025
1087,-7840050.131667356
1111,-2968962.448898744
1115,-5402982.538451645
1117,-6441938.5691103265
1131,-4289835.740495333
1139,-4839255.702908659
1152,-5529512.0382836275
1155,-4978931.797544991
1196,-5632351.41261659
1213,-3660147.2984337006
1231,-6502194.713245973
1252,-3342491.574656587
1363,-2599819.438351681
1371,-5269122.624112868
1375,-7087629.234975316
1419,-3309853.5296032787
1424,-5735532.07390358
1425,-4293153.797637319
1474,-4759483.01021042
1482,-3312714.476851632
1485,-5341070.106838993
1498,-3882032.585802963
1502,-7228743.941369473
1523,-4905858.141398945
1541,-4239079.458405771
1554,-4704626.233597377
1576,-5879613.275818029
1587,-2010574.8790479805
1599,-5007113.429838105
1612,-3965383.704660634
1635,-3529957.317475434
1667,-5426949.117308414
1684,-7039572.475970005
1693,-5417408.984658701
1754,-3291221.466147604
1763,-2737606.326722417
1807,-5433111.568877939
1818,-5750813.706450165
1880,-4097071.2056090096
1887,-2696893.042741462
1888,-4703950.346565189
1898,-3727903.3095270456
1935,-2802948.3011772675
1940,-2722807.3192799813
1942,-4699737.551808972
1949,-2095812.051753244
1961,-5360726.633664468
1972,-3288479.9292306607
1973,-5191191.261244086
1991,-3650530.2120848964
2008,-4705290.24392635
2014,-2909548.1604405814
2025,-3829608.345750385
2035,-4745155.568168118
2057,-5786082.609352165
2062,-7027483.479258484
2119,-4352080.502885601
2124,-4891991.570779774
2126,-6489007.769960399
2145,-4819326.351690828
2155,-3950659.0853625014
2166,-5942471.542164011
2167,-5307733.54068582
2169,-4431185.573777447
2184,-2578502.8103874805
2221,-4890143.1597730005
2227,-5857073.655652448
2238,-3324337.797812871
2247,-3440532.3914668523
2268,-5989510.424408586
2309,-5020916.517421151
2321,-2552943.1905264063
2350,-5589554.867221883
2426,-3660430.381665844
2440,-3485256.2882789476
2479,-4747184.022726661
2520,-4547411.629706615
2536,-1477350.6827588486
2642,-4070299.346260415
2692,-4948737.107429203
2705,-3329192.479376204
2713,-4861967.473838071
2733,-5158018.421781409
2748,-7179073.834586332
2754,-2854272.2024535644
2765,-5074248.005069926
2782,-2954185.6490547215
2783,-2484102.728347955
2838,-5757848.315783852
2847,-3282057.462357628
2858,-5756602.296818921
2867,-4942685.9029031275
2876,-5781199.842423725
2884,-4587124.402384488
2916,-5967754.224449992
2949,-3084130.0405160524
2967,-4562668.267608767
2974,-5582913.311249061
2993,-5001455.819066396
3009,-3947799.332823575
3041,-1618385.2257674695
3043,-3028246.3725837744
3066,-4291635.115369839
3086,-6894751.777621491
3105,-4639369.307895278
3143,-3535987.5680235242
3150,-5191774.480819821
3171,-6150597.254475794
3177,-5364227.133881585
3200,-3803763.745046501
3234,-3120196.611734042
3258,-2207291.822120983
3277,-2011482.3170631286
3295,-2756905.241387671
3308,-4421120.350645188
3325,-5175024.091658454
3350,-4514274.326180179
3354,-4217333.805035042
3376,-4663055.610470706
3395,-3027149.83694745
3399,-2940867.7491157264
3408,-2846556.1560443346
3411,-4166061.3934212993
3423,-5473460.827847093
3446,-3005813.751236917
3473,-5593024.091846544
3504,-3516385.209948136
3522,-5368141.592955836
3525,-4750381.05503994
3563,-3607704.0510161463
3586,-3823546.9684340283
3630,-3406059.062787222
3656,-3460348.334142579
3657,-3410576.6346443137
3673,-4290796.727039672
3686,-3036680.6065637493
3692,-6404391.587050649
3693,-4204350.285711257
3710,-6295350.200076999
3726,-3982019.495236051
3743,-4179115.3773098476
3750,-4501506.212865473
3755,-4390217.8994187955
3760,-4261613.2318266155
3763,-1752455.3208473627
3798,-7904380.953586244
3804,-5635795.704234184
3820,-7606454.531199924
3841,-5374045.642493829
3854,-3397899.940312492
3857,-7940874.47049156
3859,-4761337.775053033
3860,-4128476.005821545
3890,-2133291.47113979
3892,-3371526.5416562464
3934,-5000446.025531729
3936,-5343099.903238577
3943,-4697669.494391624
3952,-5189757.612551752
3966,-7042411.759191881
4005,-7332470.966788684
4023,-4936987.995184622
4039,-4882141.801256811
4042,-6503919.0441914415
4074,-2807984.1344939014
4086,-2929276.387600497
4,-4882290.028330943
6,-4536743.0970239835
21,-2409337.39513082
45,-1901538.0888783587
56,-4827965.8854886545
68,-1999222.657976296
71,-2090394.6353169004
72,-5507236.068662237
74,-4527904.775227497
100,-4243728.387402296
101,-4171841.5343294223
128,-3698734.5493815704
140,-6813676.244946778
188,-5144445.633951969
233,-4121883.5985074784
238,-2721594.4821546576
247,-2695778.1794696776
270,-1903521.8775827803
272,-3606487.6581922225
279,-3739032.9461910403
297,-4003036.2596243513
310,-5756144.1256536
317,-4295204.162972917
331,-6161747.7403142415
346,-4920867.449284973
365,-6124099.593807631
369,-4207462.912667088
376,-3377404.6610337803
392,-3555319.3948019426
396,-3136861.388903956
403,-3932106.595555047
439,-5986997.819989128
492,-2410461.0557724168
522,-1286307.2991881524
530,-5495751.50468885
534,-4976243.601625668
547,-4515194.192688789
554,-5863386.652447503
583,-3304255.8094946505
601,-4298911.69847817
623,-3205878.4760426516
628,-5631922.33648325
647,-5689573.430636748
655,-5043436.515159568
680,-5020860.557725383
712,-2061125.0358817014
748,-3175417.358866764
770,-3837773.4555432536
771,-5009107.478635074
772,-4468849.744152061
793,-1799887.2039707801
814,-3082167.6155429543
815,-5115594.773056445
852,-4223754.573721184
859,-3002953.3338060942
863,-5708295.217066172
891,-4457441.515507571
897,-2100841.0632794425
905,-3009245.3247539382
915,-3228561.604660208
932,-2751016.7373166815
966,-7022281.062525446
967,-2755739.3732937467
1018,-3383805.4647896243
1036,-2816991.541455355
1072,-2194663.439914419
1075,-5483178.323641177
1077,-3819355.9061594084
1078,-6506742.677665413
1132,-4859502.77106627
1193,-4337499.723966827
1224,-3407204.491444492
1228,-4126751.4809734467
1236,-4135841.5361825367
1266,-6384949.567150109
1303,-5688052.104895149
1314,-3185968.404932255
1317,-5163203.715236886
1372,-4860638.332341225
1386,-4146800.9328731652
1420,-3552750.859240335
1431,-3403519.184582403
1437,-4971552.292247155
1456,-4432154.691405415
1472,-4842110.75721258
1509,-5028418.667231445
1539,-4873165.893948192
1549,-4008184.671496112
1562,-5625029.163136239
1569,-5334566.387139856
1613,-3689124.0033241394
1617,-4301347.236918548
1620,-3917787.923811769
1647,-3526460.509348226
1649,-3911362.2499997825
1653,-2631548.739435349
1665,-2058633.218604096
1678,-3734015.5832095556
1705,-2767429.3858064
1715,-2871279.4242869522
1716,-3250792.210639622
1740,-3046998.377139842
1749,-4005964.480665755
1776,-2071761.8658216537
1781,-1614507.2145685826
1782,-1350608.9300250818
1786,-5193137.054914154
1797,-5196317.997209367
1805,-3889071.089245833
1806,-4730302.567061685
1829,-5020643.997014754
1838,-3552929.27375113
1854,-4509632.237639687
1875,-4560438.870205508
1955,-1950223.7169266318
1968,-3916598.262974727
1974,-2751065.8069284935
1977,-2608298.7200065516
1979,-3907791.046170157
1988,-3883744.212522299
2005,-5333444.553963909
2006,-2440429.740950168
2010,-2977783.3132201633
2011,-3994089.6046634163
2029,-5108885.592127119
2031,-4030297.7533498304
2087,-4218972.319886897
2088,-4146150.945352611
2090,-2312606.2762501407
2097,-3402861.935216602
2115,-3419443.095486086
2135,-4284231.686400805
2140,-4790232.275017027
2170,-2808895.373120582
2173,-3825940.6202837736
2194,-4233019.902943321
2195,-1912586.9536823367
2205,-2174636.390185283
2206,-2628118.0744422073
2241,-4944228.984540411
2266,-4837822.117241239
2323,-4081884.1573299295
2324,-2053601.8909361572
2331,-5388343.181883011
2337,-4239998.062161515
2340,-3459837.4111528946
2360,-5189827.297289862
2361,-4160441.582340337
2503,-2982050.4792410573
2521,-3596077.1948260944
2542,-6052468.964613759
2568,-5541052.548244652
2582,-3957736.5898010987
2590,-3840361.550802089
2599,-3099701.0042651775
2615,-3673031.9268513587
2629,-2621787.525429645
2639,-6976067.814535427
2657,-5425254.234897181
2695,-5297880.360810462
2697,-4610609.579798127
2756,-2788820.2093774127
2759,-3333620.859164407
2763,-2748217.970009292
2775,-4863468.920480442
2787,-5456137.064328694
2793,-5540919.214177508
2869,-2394950.292362403
2871,-3400099.4430445037
2885,-5583403.926651368
2903,-4457028.745588964
2917,-5453775.053853474
2924,-3533617.5457155854
2927,-6701838.640481892
2941,-5111343.932253121
2951,-3748296.038029892
3010,-2871968.034799331
3051,-4609321.5888856035
3071,-3058881.2763889246
3093,-4788713.335794616
3094,-6324427.782694746
3130,-5438334.158969877
3139,-1707970.4930057398
3151,-1433772.9350883735
3159,-3729073.985754142
3190,-1531205.934223375
3193,-2905754.392927296
3199,-3409477.8549915166
3208,-3015084.2179274126
3211,-4980663.257593384
3236,-2224279.3552505877
3244,-3251541.810008604
3250,-4740526.827380667
3305,-5079612.237527646
3307,-3025661.762795838
3346,-3562672.0891216435
3360,-4772440.171858095
3374,-4682160.302971596
3389,-3470175.974211745
3400,-1629240.4330589224
3410,-3303263.952957001
3415,-4636959.059764174
3441,-5009187.492672719
3493,-5705395.888941857
3502,-4809344.711888243
3521,-4239328.808344552
3541,-2514520.6874280837
3543,-6583476.78123732
3547,-6017446.650531205
3565,-2817121.740233905
3566,-4396541.647943147
3574,-2541453.9673911068
3624,-5830812.69914653
3650,-1154559.0774169345
3666,-4556073.583702296
3678,-4113811.531272909
3738,-2590371.656721699
3758,-3017147.7406211877
3792,-4334075.174436899
3876,-1962993.9516515248
3880,-6134147.298512748
3882,-5082391.549330594
3883,-4749063.975305002
3947,-2308271.503212056
3970,-4701583.851762135
3972,-3575449.8488523485
3978,-2236148.0112702292
4009,-4874745.6673201155
4066,-5671745.088221608
5,-4559398.427022774
15,-6125959.879292071
30,-4914808.710661157
38,-4293932.268732303
48,-4217683.620648092
60,-3004242.952919158
86,-3686667.2935273056
95,-4253118.056012017
98,-4170945.4395397664
115,-3443379.240021592
132,-3662883.0222075605
141,-4744506.67961507
148,-3085845.2028265744
150,-3090579.72093342
164,-2849033.1449599345
194,-2188980.098711856
207,-3401157.589560327
268,-3602174.484480212
288,-3317921.6125630243
341,-3906428.0316019123
363,-2245990.0176096703
374,-5046331.960821163
381,-5190730.328044413
420,-2201959.39987795
423,-3687270.189622911
433,-3825602.71039175
440,-5204488.741919729
455,-3907606.785208867
553,-3379346.8469697866
599,-3441710.103833779
613,-4581092.478406489
636,-5117762.04311257
650,-4000823.8643740932
660,-4498700.380029494
685,-5805821.941551468
691,-3823136.9645398916
753,-4245437.79680032
784,-5318518.718405871
889,-2881960.4162755203
901,-3415626.2093081144
919,-3520245.4541425887
937,-5487325.535178486
1014,-4172602.9283521697
1043,-4309203.955377796
1050,-3167292.462486015
1097,-3853273.2130980734
1156,-4487548.161532521
1163,-4818569.333832669
1184,-3932177.0320580374
1192,-5739999.603982079
1210,-2005933.466557332
1219,-3404442.089869303
1307,-5115318.732430626
1337,-2020414.8174657281
1354,-3854602.586108673
1370,-5885434.408747407
1395,-4249225.632292519
1411,-4073762.160720191
1414,-1972568.3127724081
1432,-4089539.408930334
1500,-2668596.88749867
1511,-4154785.136471444
1544,-3603159.89533046
1573,-5669613.290671946
1596,-5247821.502023369
1601,-2964078.925836839
1605,-5137466.466175217
1607,-3709095.4913637387
1625,-7355104.219040286
1626,-5901711.023002371
1629,-3277894.48889897
1648,-3232415.3561017825
1679,-5138928.969086144
1683,-4104740.413697971
1704,-4002830.2186280377
1714,-4057860.329304708
1768,-4024051.177891086
1772,-3773254.146726962
1777,-3219790.715794307
1862,-2479966.3432764583
1895,-3491136.1844893354
1936,-3244868.5146750617
1941,-3282802.0706273695
1944,-2604735.50334506
1960,-5242032.299446952
1967,-4455346.933265606
1987,-4043077.506593013
2018,-3056232.4207658814
2065,-4475574.253425189
2066,-4496059.313211465
2075,-4039392.836880401
2080,-3571964.4944496267
2085,-3882745.7378024603
2100,-2602811.1389388577
2122,-3819193.6674020872
2143,-1664843.208366697
2186,-4198204.166689563
2212,-5996259.09165429
2252,-2575498.106984523
2270,-5610957.041492512
2306,-2974736.069057557
2334,-4484148.326620356
2359,-5186029.861466335
2458,-2566789.1583292773
2488,-5217054.80522363
2516,-4642371.60251433
2541,-3478669.142506314
2576,-3061464.9714922397
2611,-3718751.558348856
2672,-2735831.553221861
2698,-4400591.10613682
2699,-4964304.740657438
2718,-4396336.130684017
2730,-5319948.780526901
2738,-2498462.1997189
2760,-3599519.9584641024
2821,-4292486.678477185
2848,-3144085.291535313
2902,-4525758.11976949
2921,-3946317.3965188563
2937,-4580366.615484792
2956,-3948813.656087957
2963,-3746070.8665092527
2996,-4431694.689312544
3024,-5155871.482230264
3028,-4677454.404692138
3057,-3123181.090067341
3059,-4451308.482935265
3081,-4398765.254803217
3101,-3085300.0846473477
3110,-2991573.995594028
3133,-3481225.3878528313
3183,-2883635.2976052756
3192,-2960167.665046479
3206,-3732741.4417848513
3226,-3922934.1999321147
3328,-2376169.84473506
3418,-4364874.3182719415
3420,-4827724.853382951
3486,-3640679.900330049
3520,-1996090.6608698578
3564,-1940806.7389467612
3589,-3653683.6154571553
3603,-2533495.690584769
3659,-3928424.673070586
3752,-3167355.127814546
3807,-3641795.669565469
3821,-2872929.365641772
3846,-3742083.754846258
3863,-4184113.727381163
3881,-2676213.177076073
3912,-5075173.319943892
3944,-4985112.897505301
3958,-2677612.5774549283
3992,-2953499.148148533
3995,-3911135.738199952
4004,-4217992.681046523
4013,-5550340.363892402
4044,-3976499.005533263
4056,-4564463.6005699
4079,-3800813.095578389
43,-5465216.901653534
114,-1489736.358919753
177,-3762229.220891036
212,-4634106.914226887
291,-3223276.3351535373
383,-5989112.099057008
400,-4110659.9855163884
402,-5449864.954799255
540,-3846607.2327124733
582,-4101565.386611936
611,-5341269.905582677
612,-4140303.9432275756
635,-1464031.3851103613
662,-5346265.659474098
713,-2927175.8007197846
747,-3015106.680495032
751,-2289966.9602538543
780,-5492029.01466775
827,-2029126.3482943487
851,-4102068.393607958
988,-4607709.911402825
1061,-3628860.5606668964
1068,-2432996.8905045944
1143,-2762652.964575433
1161,-4557840.576978881
1191,-3057054.1301353616
1222,-4559843.787094825
1238,-3492936.974378359
1373,-4660719.207655282
1377,-2281049.126921766
1393,-2048034.0830793425
1412,-3287042.326209889
1423,-4734174.118432017
1427,-3522533.302565247
1708,-2498856.132078336
1711,-3152389.5302916365
1800,-2899086.9114328134
1813,-2527119.5922001796
1904,-2176960.1447285796
1929,-2961976.3733342835
2004,-4396816.0998503575
2034,-4623780.847534702
2047,-2844711.20295557
2051,-3084077.240776307
2056,-1441718.04793178
2092,-2035484.040166288
2159,-2392708.6302290577
2248,-4918560.71753129
2274,-3020669.1883497685
2339,-4160650.897348565
2386,-2927181.190868824
2441,-4357442.742789782
2493,-2446004.629515316
2598,-3887888.7982951463
2612,-5698497.397448045
2673,-4090800.6239513913
2872,-2622378.7667975947
3096,-3390662.0234834393
3197,-5689303.343750976
3210,-2228864.056644032
3217,-4672577.4278474115
3239,-3001007.622302604
3242,-2763194.668837986
3266,-4086399.087556318
3301,-4377425.308784032
3313,-3079758.6076302966
3366,-4839258.295551026
3392,-2768269.857101439
3419,-4866400.94579592
3431,-4223133.206112035
3482,-2659615.1711239815
3583,-5695718.06773831
3665,-4792417.961302563
3683,-2724237.595012333
3691,-2405339.1876854934
3723,-3204104.7354455492
3724,-3310895.1736655
3805,-5716656.403592476
3833,-5560538.168280551
3900,-4895992.22827906
3903,-5014382.236633335
3999,-4551048.449390609
4081,-2459862.205721994
7,-443930.7197421005
147,-468872.07395724265
264,-113791.38617891131
391,-1001594.9079666066
663,-317550.8023048086
763,-374422.2380096246
764,-441326.7491980024
765,-594251.748190194
775,-446892.87389736105
824,-441030.38836463983
837,-279812.08379341784
845,-678759.0156399574
1409,-235974.91436081054
1448,-1172065.403151463
1533,-737538.9015892778
1564,-850645.5161580634
1565,-844287.3700078015
1586,-617407.8877557642
1638,-250602.34821793865
1682,-340364.69579656504
1701,-1253889.300136216
1757,-1108552.1987401373
2032,-1252488.623321693
2055,-399874.12090247346
2076,-195245.31970501743
2384,-1155247.4615851545
2391,-463037.23848791776
2533,-107266.95517285376
2726,-709933.6682542751
2747,-771420.2488593783
2863,-168323.6284387589
2942,-277039.04557863675
3020,-510738.7203423645
3034,-306406.0663149669
3304,-483421.92098951084
3319,-609706.468843556
3375,-956032.3370323288
3383,-677005.4680538573
3437,-521781.5595301249
3575,-1036077.8466455005
3629,-971273.4770656958
3635,-1231665.1905997046
3671,-1064613.0173184597
3689,-587556.620244741
3757,-316329.6584726287
3814,-578885.6118188745
3824,-276171.4757288244
3853,-1023198.8924108581
3931,-1026767.2634371109
4049,-630926.4664266144
4058,-292596.080339119
8,-1127.004646748497
1680,-34669.96121909529
1849,-1305.0877526178367
3379,-1344.723664938307
544,-4312604.807308947
1091,-6455583.120493967
1105,-3426423.102861162
1384,-5135519.819894967
1823,-3616493.353477624
2209,-3991411.110874127
2379,-3458228.453759357
2485,-3466557.982753809
3364,-4875726.333716114
3382,-5051808.15756521
3488,-4958833.991927479
3781,-4726129.196050687
3888,-4456503.153783908
3896,-3559841.721054414
10,-171647.6480701155
67,-164767.8370659536
69,-429238.825209944
167,-59550.62651413223
263,-457863.30774017563
326,-133156.5954505488
362,-426359.6378620013
656,-297557.6808081729
825,-687741.4193113245
1418,-23167.495917986962
1751,-77782.528952337
1764,-294323.9481329607
1842,-409593.1707831148
2033,-803623.8622555017
2101,-331788.3395079657
2154,-248125.54925829417
2472,-290308.5709815564
2682,-277417.7042169762
2751,-268904.68953753926
3132,-197565.49497337374
3452,-77818.17774851903
3553,-754175.1724919141
3768,-363043.87532053044
4050,-14005.268553601838
4054,-294259.5873178206
11,-157569.80430667129
355,-317238.687507336
621,-231767.5968232132
652,-385012.22159552545
843,-3117.270992272825
1046,-328049.69971557305
2007,-948279.0570090425
2218,-800716.3740835825
2234,-305459.44169247855
2287,-494322.2881813235
2302,-554027.6456195861
2416,-48826.080870767466
2492,-466964.07671562745
2975,-761024.7647048908
3046,-434817.6392078329
3176,-1044836.9945171034
3316,-1030939.4134719904
3607,-411943.6645487931
3722,-440150.26434817084
3740,-1086242.489499381
3810,-1077205.597666498
4051,-492061.0576061181
4059,-1257541.9951344777
12,-429979.89933219925
75,-1205725.261204341
88,-1636243.3413352352
105,-1216387.6310659475
163,-1362438.1241061243
204,-1383979.1310592159
220,-138439.88050319478
221,-104616.0394073952
224,-864126.9837239385
258,-578926.5289936316
302,-547866.4051832585
304,-1704780.0811979452
379,-1028587.9986588127
461,-1337528.123748587
465,-459141.97310305404
480,-499618.37449639913
482,-1398755.8717895264
579,-1638786.7908080749
614,-509043.0169287833
646,-983779.226521409
681,-942343.3880175371
801,-1943508.4843332006
820,-132144.67346858152
842,-1516866.6345836953
879,-1893153.0104604445
883,-286231.0268872049
914,-997603.7666444327
1182,-486603.21264298033
1190,-821865.1435790705
1205,-1858893.2606545677
1241,-1830581.493921095
1290,-1507995.9125307903
1344,-1625197.8039221622
1451,-513791.6193938211
1484,-1338950.3772137186
1487,-242888.07180049928
1537,-733587.5829294628
1593,-272033.26920269075
1608,-458193.94628230104
1633,-923680.6717144157
1652,-181012.4060323226
1746,-939316.7960399768
1814,-181657.01668609778
1852,-836430.8816789851
2009,-252283.89849549325
2021,-346939.38489819126
2082,-890726.6265542958
2132,-367597.0876795476
2138,-942760.5743941693
2188,-930641.9399810105
2392,-363018.44347171765
2448,-509518.11594175216
2519,-729577.5502700064
2526,-840582.5195302521
2573,-1033943.9484174628
2587,-872346.4696153533
2720,-1123017.9640289762
2780,-1669129.8941988212
2998,-197651.27681143285
3080,-1336576.2923847504
3118,-413805.7942582844
3122,-288742.1102427257
3194,-465712.4445471063
3205,-522587.48016655655
3245,-665694.9389831612
3303,-925319.4044760182
3312,-442867.94526903314
3339,-1568880.8117382557
3361,-1205297.9711504271
3476,-1430205.4706140351
3569,-468501.76511344314
3609,-337230.90173158684
3613,-888411.2327178644
3621,-641832.9979681439
3634,-1266905.162241128
3716,-479839.9957021792
3725,-232103.1095672523
3786,-550745.9590858249
3788,-556077.6778849363
3851,-441649.53576711786
3871,-247268.56152804886
3955,-1699676.2497863215
4006,-836266.9702083496
13,-1616152.8600269768
14,-3614410.2670604396
19,-1736365.308957361
27,-354663.2735218038
46,-1334170.1394275595
108,-1565582.0416481053
133,-911727.2323505072
249,-1550654.8816005
254,-2534508.182596071
322,-3550487.5855301935
360,-1732884.0819093615
510,-1412015.7098012844
570,-1259495.3889652807
576,-1699044.6065746634
597,-1159650.838406472
602,-4243420.092295213
694,-3056789.953903766
716,-2041244.6729960167
723,-2593631.400480628
729,-2254429.560392626
731,-1114863.0105963652
752,-2229597.5547197256
831,-2914037.6610601395
927,-2186514.113949304
960,-3081295.750413097
1001,-1662246.0607205317
1004,-770166.1828751953
1006,-485917.8274357346
1029,-1234032.9541681034
1030,-2170165.4135780963
1052,-1003331.9979993395
1099,-3383888.0563156824
1109,-2226308.0365821165
1147,-2699478.016544678
1167,-2956915.6564782914
1171,-1932613.2746448156
1199,-1640319.6304360104
1240,-2526360.0301028024
1259,-2295401.451425343
1265,-496722.40233687736
1289,-747866.0626052005
1304,-557218.6224467227
1347,-2076364.827885099
1390,-1656817.9074914912
1422,-2841482.0210533836
1471,-1321258.2144115774
1486,-1921498.5987703095
1503,-2114785.3409900237
1521,-1711684.6351630571
1574,-1215560.097392444
1582,-1887026.6002598312
1606,-1868810.1848629285
1621,-788239.6927161365
1650,-1794882.7942269277
1654,-3805305.339809279
1688,-2661854.858518278
1809,-713545.6103105681
1822,-681785.2928970743
1836,-2451522.065079968
1867,-1841703.2376263973
1990,-861283.7677251645
1992,-1809425.831955014
2024,-646976.784981997
2048,-1943044.3187485924
2053,-953822.8526569776
2111,-2806087.748578846
2134,-718529.5241417704
2147,-3775710.0498698647
2158,-1532114.5823666875
2261,-1966404.9771227867
2332,-2355462.7621547966
2357,-994438.9252419178
2366,-2699021.5043712324
2410,-2914604.305884768
2413,-2320687.9422071124
2417,-2875626.3794879317
2450,-750550.562627081
2495,-3125779.147008599
2508,-2051266.4796068915
2513,-959182.747325227
2543,-2969786.1106073745
2544,-1540795.5015234344
2608,-2412717.3064860743
2627,-973250.9917370083
2660,-1646862.7250995522
2752,-2111950.7471415326
2758,-2029009.673363464
2814,-1853682.98602487
2815,-1959361.1703365142
2823,-2731761.1174901905
2935,-1175843.6523263175
2966,-1275164.713162934
2984,-3334684.3564997613
3012,-1586479.9621035308
3107,-661728.0870174048
3115,-685335.4358760493
3261,-1543615.496481714
3286,-2669323.0591481207
3302,-2200655.833786784
3357,-2499100.3077308573
3396,-1763886.3143623576
3457,-3870293.8581258715
3506,-2015803.1423667052
3550,-1437109.2060158593
3552,-1188067.6304811686
3622,-1706210.4644776303
3658,-3216441.6849526493
3707,-750339.1428900304
3744,-2223751.030574843
3746,-1951026.0960583482
3856,-3312810.897133467
3873,-1651018.9681738613
3908,-1615323.7643533829
3922,-3256650.6540949848
3960,-2340596.999997972
3976,-3031299.614384861
4016,-1429262.16548093
4018,-422180.83862233674
4041,-475392.1686119168
4046,-2127155.7199493875
4048,-1924641.2083691396
85,-3134133.1398098175
104,-3075206.4185460974
107,-2385445.0207300787
113,-1471204.4563199969
151,-4011787.6743813213
182,-1690148.6620940603
217,-1636236.5827085199
251,-3890244.196531017
253,-4627206.15337251
292,-3716739.2471168763
380,-1997573.6139836372
447,-4294567.441910485
499,-2510791.6815382927
559,-2277061.1849171952
598,-2355538.5435699564
622,-3273172.588175378
654,-4251339.588601289
664,-1885122.465923448
754,-5435938.478300742
792,-1962780.699928411
802,-1738760.092165356
806,-3205097.036713116
931,-4011446.062462068
1034,-1881815.2168353111
1134,-4003294.687003866
1172,-3936837.2914118697
1233,-4798242.514592891
1251,-6206720.609094912
1274,-5149701.075554117
1396,-2192290.867400447
1439,-1773828.845471184
1447,-4602854.290858631
1454,-3651463.169947046
1572,-4107495.9948462895
1616,-2687033.349811068
1640,-1669567.8184759282
1827,-2899726.2459710245
1856,-4024228.372691834
1868,-4683542.224232604
1884,-4317165.3261468075
1885,-3658724.0513038877
1908,-1002974.4365973275
1957,-3162339.8615024965
1963,-2431685.9526050896
1970,-1396282.7059398768
2013,-4360593.564205892
2069,-2608204.0889071436
2103,-2512609.432773001
2117,-3659711.15708511
2136,-4367213.388176146
2165,-2724690.2782551604
2190,-5831685.614221105
2253,-3550441.3381618517
2260,-2866758.0539392945
2272,-4555908.605870725
2281,-2324395.414466325
2301,-4231988.208527308
2304,-3500265.089082725
2347,-3808731.0543208555
2402,-4647269.747733811
2446,-2651178.110953449
2461,-3008545.781443942
2480,-2963482.319553074
2648,-4783294.862224726
2663,-2108727.897062021
2721,-5270980.192926617
2769,-4507010.55372908
2807,-2526658.824548393
2852,-1569027.1690084536
2874,-4148267.3647283316
2895,-5262416.401467261
2972,-5322567.1750575965
2976,-3116138.5323291193
3048,-3216975.6827135654
3049,-3001411.6986517217
3147,-5462889.945825295
3163,-3046362.9057849976
3209,-2151959.8077441985
3214,-1578385.0472815593
3271,-3344857.476009485
3282,-3430171.4569138894
3287,-3320825.3568758024
3324,-4580125.112142562
3329,-3691089.676369739
3347,-1169539.8212924039
3442,-3098390.345948217
3474,-3109391.913780285
3478,-3713991.6670957413
3494,-2702320.332580212
3528,-4179320.232486774
3580,-5117868.616272823
3642,-4336298.219959943
3685,-1535968.0219911372
3720,-3006570.754136385
3732,-2958070.318160071
3736,-4269644.569486879
3767,-2714522.8598621907
3774,-3682944.656868134
3828,-1813527.2995798872
3829,-5656756.178875983
3858,-3509238.6491010874
4063,-2862131.5966296666
4064,-3780350.575301822
20,-2743483.4422172424
49,-2821600.179316972
186,-4019602.466418883
245,-2617272.871573462
507,-4861520.292478591
508,-5736592.0174000645
516,-3548099.8715041843
536,-3405911.1587040694
711,-3759397.4511885103
750,-3614429.006949419
782,-4231950.01853396
795,-3878104.6743679573
873,-3478213.076799365
880,-2370429.304788905
898,-4312525.332656258
935,-3002607.423764486
1047,-4448356.566859724
1322,-4496050.806643178
1350,-4624057.741453288
1404,-3021474.1259888103
1426,-2841998.891740014
1441,-4088586.309408927
1449,-3842997.3172957324
1477,-3964368.013357634
1556,-2862830.4473462687
1563,-3890769.566238516
1733,-2488524.040046396
1816,-4888860.6865746975
1950,-2493617.548778348
2041,-4026735.2320275754
2168,-2859526.9983304194
2208,-3074505.695598979
2317,-5232656.211094162
2318,-3435659.3901468334
2434,-3928490.8207503906
2451,-6976133.854788606
2470,-3999709.181101597
2553,-2274584.9095173846
2560,-2541129.543252728
2831,-3466569.7803960927
2837,-3791135.0773041863
2842,-3118147.148449145
2851,-3151310.622603294
2888,-2370806.1239548046
3014,-4466817.043447332
3070,-4310728.153074618
3116,-5788419.95308569
3156,-3206526.904774217
3221,-5894815.293731428
3270,-4475078.119765523
3311,-2145127.389487579
3348,-4195020.457417853
3469,-4104328.4416725296
3481,-4889347.7201785445
3485,-6243184.274792458
3593,-4412922.652954125
3655,-3429433.273789539
3852,-4774991.842729453
3867,-2602371.3939815573
3939,-3216881.57399272
4027,-2801116.9043437187
187,-1138972.669608869
243,-1315345.242141385
328,-1777143.3521987083
645,-856307.2074361551
700,-1498497.9754727273
749,-1021920.5020053877
796,-1191278.757949776
834,-1182778.2319085733
993,-2172556.1923310864
1070,-1553186.3482795442
1443,-2503297.27352584
1461,-1689207.1409625474
1602,-1609782.531166381
1844,-671198.0301545621
1905,-1236757.4624094325
1921,-1527053.3170244535
2072,-1715343.7022407947
2125,-1457264.7943772196
2197,-1254526.318089612
2294,-1344987.4082836846
2411,-2101367.3272884786
2423,-2422792.9757847968
2528,-2638316.128578748
2574,-969088.1741144663
2655,-2488910.503405234
2846,-1044752.6866346679
2861,-2882593.0218278584
2909,-962132.9212410325
2964,-1766090.2783541754
3088,-2670753.570797489
3097,-715614.5743332626
3196,-1207449.2208104238
3241,-1558110.9655090522
3262,-1652366.7916150056
3407,-2410793.1736605885
3721,-1443669.520856775
4017,-1366435.2427739447
4026,-1521508.9222631808
17,-2303805.4486239846
42,-1362353.8350998843
119,-2132470.061035291
168,-572215.5306927578
211,-1465658.2404344836
226,-1533761.5729305507
300,-1220351.6428906387
321,-1166551.2911951991
336,-2105955.8019545362
349,-566353.1496135194
406,-1817474.389109442
422,-2199426.6082805223
566,-1375908.2561649103
580,-2812172.1974273087
720,-2138143.1685436373
899,-1855943.8592809404
947,-2118093.887613795
956,-2210896.875368202
965,-2459117.946940911
990,-1763695.177333304
1013,-4249002.884567967
1112,-1216772.2771818473
1181,-1621414.897333531
1288,-2206800.659531625
1340,-3092187.855039674
1368,-1449586.8344864717
1512,-1437464.748326619
1532,-827996.1083386531
1570,-2623077.065202284
1623,-1764585.5414699982
1685,-1374411.0421143628
1859,-1448011.7934477134
1997,-1138717.9325047224
2022,-1621015.3890017208
2028,-2053692.1861725622
2058,-2234015.7862636195
2113,-591707.495597359
2114,-1444757.141241646
2179,-1355778.9967907981
2243,-2541218.2863816116
2286,-1771097.851616393
2305,-4435457.063944946
2311,-3638821.127240414
2430,-1303602.4058811693
2483,-2199785.843059459
2637,-1555748.5511751808
2653,-1681763.3758136842
2707,-1340536.111647912
2742,-4438124.582703276
2770,-2038875.5411852605
2777,-624418.2169117067
2901,-745718.8489380052
2931,-1929266.9800785158
3001,-2838188.6265703323
3015,-1850950.379085305
3089,-1258074.0841680805
3091,-1493093.3811399804
3124,-1295677.8234876853
3136,-729120.4300491683
3224,-1776802.4295814543
3255,-2166026.77918052
3294,-1619936.258032787
3314,-1367085.318469974
3381,-1656343.1767029637
3412,-1538907.4849085792
3422,-1976749.5033744494
3449,-2702161.2859991067
3560,-742793.6301600027
3562,-1677327.6648537472
3597,-2726966.999710065
3662,-628385.4707133126
3715,-2143522.2941815783
3761,-1361577.8064642495
3771,-2081938.7869418068
3776,-1608915.6390398026
3789,-2840348.570593685
3791,-1829006.3157039173
3897,-697688.7020949663
3974,-1858185.0896308026
3984,-2952875.5650717597
4084,-986695.284893732
18,-858636.9133824303
39,-1496213.413200769
122,-1274357.2835293158
227,-441139.8932569345
353,-590785.9274018586
387,-593958.9753307572
412,-456453.2623393759
451,-218563.52232131234
518,-116435.83183176816
542,-2733766.7241010536
548,-917852.0023652018
589,-849149.0234168777
603,-2277189.1757810446
620,-1131961.942835538
633,-2064095.3496800857
717,-1669527.9372116346
718,-1072900.216402621
733,-568568.9038947496
766,-2607945.4135171217
788,-2000837.149478006
908,-499268.1135829854
934,-1971833.6342473244
950,-1324566.287701311
980,-2463710.69283098
1010,-996107.3299741129
1080,-1077077.1646065833
1203,-1459996.9525240962
1248,-2311730.862225809
1281,-687607.7218931665
1294,-1851003.1534077679
1343,-278868.2062459676
1361,-1778935.8184574295
1382,-2246783.71404826
1417,-617668.7240969063
1438,-960655.1567386478
1460,-2532970.273847364
1463,-867205.7532373527
1469,-203813.70684677438
1518,-920757.514455459
1734,-1129016.898966901
1766,-2081771.750710067
1769,-964828.1415223936
1804,-1042970.2437456985
1831,-318555.7199220794
1886,-1736410.8433985095
1907,-860410.4189325566
2196,-2372714.4820050015
2204,-1684828.8609136867
2226,-301086.71443546645
2259,-1745232.076676217
2277,-2306632.2383328085
2278,-735306.7445851534
2505,-1537690.6666511425
2548,-739727.0012678562
2583,-1815019.2563963267
2617,-2150002.1345126163
2631,-1241886.8692552329
2675,-1638940.1166126947
2708,-545459.4393665146
2739,-1637801.5292786057
2768,-409690.8222801772
2844,-2062862.776485867
2932,-461666.5062633181
2985,-350523.3483948324
3019,-294757.9101836115
3135,-1919678.5361680724
3138,-419010.55188267125
3155,-849084.9619671453
3293,-1221618.696726539
3417,-257540.86914955077
3477,-1942576.0906599546
3531,-848639.6389967997
3554,-1987713.3097230978
3595,-1125883.3725487369
3639,-1508490.7595351916
3704,-2329202.424198544
3769,-1033256.3902672832
3844,-818641.8182012261
4033,-276934.5011836811
4034,-648285.1668190343
4035,-1169148.9715513517
4093,-478551.9142523776
252,-1108139.9617450007
714,-507989.8043755408
2664,-616539.5453851509
2811,-1010284.8396376855
3227,-972782.7249777991
3475,-1023597.432844443
32,-1843767.878081847
78,-1312429.4126918258
94,-3560349.2146173017
159,-3118255.448553043
166,-1850871.7381632782
339,-3367409.3855334637
357,-2318523.4916218263
358,-2844019.8809146825
364,-1041654.3370602158
404,-1957266.877941128
476,-1451841.0782611417
642,-2041225.950770431
643,-1703569.1666138144
910,-2242659.913512933
1019,-1580175.3616367315
1028,-1966192.8766744926
1082,-1278320.861529392
1284,-1351887.0691965995
1493,-1516541.9896433866
1658,-1339259.6463634616
1661,-1517019.589502449
1691,-1847010.6883884137
1726,-1816831.9804000435
1799,-1816772.9108903403
1872,-2283979.131121303
1986,-1579654.0912230837
2137,-3394924.42838562
2210,-2624500.5429224074
2242,-1101624.1389539794
2269,-1805977.6823150045
2407,-1289096.5713319925
2499,-3490953.3034530883
2549,-2301320.4004849102
2579,-2057536.0510652135
2600,-2291400.1274906774
2643,-1394679.474733526
2658,-4044682.658984713
2670,-2924092.520767947
2722,-1954525.5829091812
2737,-1488459.8884682984
2779,-2114432.0493447813
2797,-2480273.3792211264
2822,-2190710.1116359574
2865,-2119039.880457662
2947,-2179053.983115067
2958,-1885687.04785229
2970,-1657305.8432284368
3018,-1425583.4612101677
3036,-1919435.7068609097
3079,-2118436.003666589
3264,-2659612.6567438394
3289,-3329338.0480840337
3334,-2386437.769006518
3351,-2002383.6427160585
3370,-2227735.6179655674
3372,-1294818.9240074053
3388,-4064925.359261721
3456,-2537100.5610991446
3548,-3566421.4511747127
3599,-1829543.9553162283
3706,-1527612.8048948017
3711,-2311304.0628323066
3866,-779029.0543083922
4075,-1202424.9753020639
82,-741751.6356541298
96,-622485.8003016646
630,-925923.8129326956
675,-1801766.0868405222
710,-789901.514377044
730,-1683355.3595231953
743,-2023253.3806169238
776,-1212105.844325352
884,-1382265.401772565
938,-2339088.8492135485
977,-485701.2489665904
981,-2518345.7107357946
1060,-694496.8660986434
1560,-1431811.5628542826
1561,-1313138.0176166876
1579,-1386383.6689086605
1723,-2388236.5268033626
1785,-1217328.593179585
1933,-1213768.159970768
2020,-2203834.7991664424
2162,-1259450.0242529276
3229,-1496858.244391315
3465,-737702.1420754407
3479,-572461.6280309766
3617,-988972.0703195428
3663,-2053145.7945035791
3765,-1201745.713713276
3981,-1577616.13112309
4032,-1260287.66347556
22,-925139.7450079246
89,-2340381.152392889
180,-2350079.8628367125
351,-162022.74131583425
431,-178471.70012933994
448,-909343.493122701
537,-888607.5837421683
709,-588308.8189437216
727,-251229.6229785861
816,-1062790.5303127747
939,-1193189.4623421335
941,-148870.7480558041
1135,-606401.2562159632
1157,-1161583.5533491913
1177,-253658.42462596745
1209,-703460.7979717853
1246,-1965762.6079512571
1327,-492089.78129787877
1367,-421473.23345917766
1416,-468791.2307129873
1473,-599740.4442950465
1657,-1077259.6506730823
1765,-1681801.114802254
1784,-1077332.9516491985
1893,-861517.5404414498
1914,-328775.2564102908
2042,-693583.0104212626
2098,-781733.2837560292
2346,-551262.1936603646
2466,-1318492.4351835065
2490,-780982.9304507608
2515,-116810.3381849378
2557,-711525.800428087
2610,-493074.62724503473
2659,-1921102.8047164597
2665,-1690434.0290006401
2812,-1483984.2731869267
2816,-1565823.86696681
2830,-672991.656090119
2836,-2546709.9223916284
2854,-1279638.9805403757
2929,-645462.513817665
3052,-811886.4062594462
3114,-622078.5421171845
3404,-1325161.061390853
3430,-668061.3507373187
3535,-950714.2549517793
3584,-2551207.160392684
3594,-604818.1262953987
3730,-688820.9021192689
3777,-1776139.2622192267
3834,-284850.0406463672
23,-1487617.3843847103
120,-2101807.59283648
143,-1325660.8934061672
214,-1671799.7314826837
228,-870376.3746912308
260,-836052.2065913896
284,-1325255.949733095
361,-1385686.3356535758
524,-1040591.5606113999
545,-1030786.8053749535
550,-595609.185404309
594,-979034.7538110587
641,-882983.5006247226
674,-804227.9497393165
759,-816096.7496516427
761,-1031180.8883969545
800,-1543410.5061813926
870,-1684896.1985186143
1037,-1741257.528679871
1041,-1666493.3110027898
1106,-1443647.2019141808
1166,-1071678.2766473228
1212,-1453000.7101869837
1239,-1368350.6292625356
1276,-643208.5863513511
1295,-1269358.436632492
1315,-1190027.2363741198
1359,-1950614.0367554903
1508,-1349579.5928250265
1535,-464889.23650336335
1542,-3531807.8364739697
1543,-587040.9719818396
1591,-1249287.9649832735
1729,-926319.3714139434
1767,-494599.340880867
1788,-1209077.0298073539
1795,-543421.949512477
1923,-1269067.8180007017
1983,-816886.13044146
2015,-1817691.976446304
2016,-3274273.01271552
2104,-1105672.2393276512
2203,-901082.6891097383
2265,-3531277.074734978
2326,-1198860.8658534633
2367,-851133.7760737871
2409,-1029481.1841731031
2442,-727579.751092379
2454,-2205762.196009751
2474,-610759.3467126751
2494,-1343949.5959145208
2584,-1269296.4067684659
2654,-3020872.8735431596
2679,-1582165.4369141513
2686,-606358.7882046008
2724,-979305.6026780074
2843,-1535237.0975117767
2894,-1281347.1466122689
2982,-1450785.9499281794
3055,-945558.3688672528
3063,-2787415.3205337534
3166,-649886.4424986762
3179,-701652.3000276536
3219,-649623.1000839284
3240,-1689822.8257839512
3259,-1971900.3513388624
3326,-1364574.2233621213
3343,-503797.2724196506
3363,-1023792.6639109465
3438,-1582338.3701002623
3484,-690082.8500709009
3638,-811555.3916075835
3640,-1641884.1706493204
3672,-641420.2014300391
3679,-760603.3962761534
3756,-786344.4527031127
3801,-1697825.2105843648
3806,-582515.9630690236
3809,-3518112.8595957076
3889,-1889561.8071411361
3980,-810510.4922327565
4008,-1718463.6007082
4028,-1717787.5984023537
4083,-542667.8801860834
2701,-1329705.33786212
25,-1083940.6671938498
50,-1600183.3806254426
77,-441311.0953153482
79,-1518007.397140789
92,-419030.4536058657
191,-455986.894391109
257,-643984.2466115722
261,-2206011.6176839676
316,-189513.61767820292
343,-3042956.6746652895
473,-2759051.064208588
483,-161602.0491982966
520,-355811.5026108216
697,-1266934.5419399282
734,-80720.22662711561
803,-1551459.3790031346
807,-855836.0459945977
823,-1530310.90574426
925,-2565652.5235979655
1035,-986477.5266079633
1140,-2185461.5236089556
1144,-839696.381945244
1149,-2986844.830260924
1242,-1759216.554394426
1331,-1381475.4489612782
1362,-721325.2509740948
1517,-835996.5345631551
1534,-310087.8553586835
1568,-370926.8637272315
1645,-104855.52701133642
1743,-1681186.908902022
1803,-475605.37811913574
1865,-393846.7587165303
1881,-1874687.359264782
1903,-2769163.1503307573
1911,-1097875.5911194964
2112,-1389682.2503977187
2148,-2058777.810194642
2246,-2866834.581047674
2300,-1251880.6470626714
2345,-823930.8558451054
2428,-1554448.9807244441
2517,-2350131.9044032665
2537,-366256.86062157573
2622,-933480.1118804093
2625,-223704.94552204158
2630,-486948.4980638394
2813,-98177.18956182402
2930,-780047.2614063218
2945,-109482.34640984445
2973,-279351.3246071129
3215,-670826.4744735963
3292,-958172.5895029014
3355,-293275.3819536551
3424,-1673618.822417509
3440,-2479866.7040193304
3489,-809010.1510543856
3499,-1396949.6237689455
3581,-1025257.007512425
3596,-568756.631731222
3734,-127305.17089808187
3797,-2136238.9220624045
3877,-1453769.8344995922
3898,-903024.5604513846
3985,-2522434.2999150623
4007,-1034785.7293601031
26,-3767757.3650888205
33,-2735677.128705127
63,-2141906.836522269
84,-3421608.478422551
109,-3124104.3018078427
225,-2808131.1904884516
274,-2876295.3576977304
275,-3825171.434674179
320,-2524365.119094361
356,-2106591.202520697
436,-3187428.6246816935
452,-2173261.754786487
574,-2074470.2969861538
637,-4950159.891834634
757,-2197232.1362542748
805,-2329669.9942210363
822,-1588833.3020417118
928,-4966333.378094257
959,-2645637.9979233425
1023,-2353625.1747677955
1038,-2420729.6969967242
1110,-1354185.6265116255
1141,-3412844.243476145
1206,-1834720.966611371
1250,-3657454.4645313695
1268,-2329670.0734748947
1336,-1891151.1339460819
1342,-1585070.306319695
1352,-2572334.3251915975
1470,-1591714.5130903914
1496,-1680794.836691865
1550,-1954103.4643816596
1580,-6168984.635830132
1730,-2288273.104305319
1796,-2687073.8315869793
1870,-2422750.6112592607
1891,-1908660.9962431286
1894,-2560905.249804715
1901,-2997004.1546327635
1922,-2777190.192325671
2043,-2220225.379645498
2116,-2455727.283801162
2175,-3193606.3955378775
2181,-2358435.6964186723
2267,-2958765.018000463
2271,-2030046.1691275083
2279,-2197332.2378076594
2343,-2984109.3802331546
2468,-2317913.946150299
2595,-5306889.1756124785
2636,-2463669.3294596467
2685,-2434835.833249171
2781,-3045784.2640910405
2860,-4262789.155921972
2906,-3526473.777623767
2915,-1813726.3354937434
2978,-1844963.8294765716
3131,-2673161.465840531
3158,-1990533.2463514635
3285,-1506554.781874442
3315,-2030571.9560738972
3387,-3797872.391031706
3421,-1693678.4369833206
3466,-2572664.881665386
3549,-1894006.1007265449
3598,-2349657.744169138
3614,-3398171.850574477
3631,-2870455.2263221247
3813,-2634273.1271774257
3843,-2503681.4726248896
3886,-3554010.610289958
3899,-2510716.789661269
3997,-1611965.7695289836
4047,-2042555.949619452
4062,-2850029.46154821
4095,-3066780.7908263914
87,-218025.91716940262
565,-118900.00513378122
787,-439600.99049759045
893,-41929.2022836279
951,-69443.83517459025
1108,-123462.59140138506
1211,-156517.0830954144
1308,-49073.38673162645
1430,-155990.19454151444
1434,-575627.2149689564
1571,-155434.97097520335
1828,-384521.1768268449
2081,-20943.67931200856
2348,-332176.1858285844
2405,-225196.43263220962
2415,-145945.5986648579
2433,-288266.09410695825
2507,-48322.17318179387
2678,-285511.8382448152
2729,-57099.89818191919
3358,-52946.20488496765
3987,-57964.7970511437
28,-3074502.022409616
129,-1742096.5756705187
330,-2620805.2212286494
389,-1736119.4131959633
429,-2659587.659141376
481,-2542322.6392237954
528,-2562119.941279145
668,-1476536.1317443734
676,-858979.7453904767
707,-3191330.961852533
746,-848356.5283567754
886,-1966992.2738731958
957,-1301207.9916169886
968,-1046876.6052857228
1056,-622189.533090802
1114,-1164397.4475039786
1318,-806264.2897662619
1603,-1427639.9580651284
1755,-916746.2119452269
1848,-1481933.9621690088
1926,-1191783.969157575
1932,-1973303.254921688
2094,-1431815.7250166647
2152,-1927894.1322305943
2183,-1577842.5133112108
2257,-1816343.026979368
2349,-2527609.0380121055
2385,-1390668.598139988
2390,-2822879.245066398
2394,-2368454.1249059956
2396,-1451412.818961313
2524,-1609806.7330058184
2525,-1009925.8969947527
2741,-724226.4064361865
2795,-1926015.5434668455
2801,-2456190.806016944
2810,-1961366.7295096754
2868,-2733310.299513132
2953,-564625.2009710952
2981,-1206627.7826105778
3006,-2551495.163549461
3016,-740390.1300943501
3026,-813020.6048214262
3108,-2336972.8691645926
3117,-1107314.6887956334
3119,-1219133.5865479684
3146,-2237594.6857598918
3167,-3394362.0264803553
3249,-962951.8948765394
3260,-1341602.3910815283
3309,-1175334.8589578324
3310,-3415414.9571566293
3403,-1552085.9985398408
3490,-1622925.1331943679
3533,-2170069.2192870434
3551,-3194094.3415671536
3684,-747879.3909822338
3864,-1350123.511264651
3941,-2211492.991473836
4029,-1511427.032693043
34,-2013949.1864300177
692,-2377100.5230577127
1421,-2401073.0944687715
1514,-1865894.3344557283
3202,-2767367.509924737
3865,-2108054.1504590274
47,-1975995.6065944282
110,-2752643.3849951616
309,-1989270.348880292
558,-1367834.4670031867
658,-2107016.4305860787
913,-2345260.625852044
936,-1465668.2749495988
1619,-2336330.346422433
1639,-2205434.083362583
1677,-1877009.3782976195
1702,-1985982.5443920125
1802,-1848993.9778565988
1820,-2366044.1012614206
1845,-2100226.1877327235
1864,-3769911.675212357
1924,-3316317.1134208334
1984,-2532301.3131658677
2096,-2580227.570759779
2178,-3142690.3026510584
2219,-1882634.5499145912
2378,-1790092.6143840405
2453,-2306312.7322736243
2634,-2399858.6498384755
2766,-2387659.3081154237
2789,-2018768.1252332856
2828,-2670420.062763541
3008,-2382404.4180026627
3458,-2458499.6756336084
3514,-1925881.4641693796
3532,-3149681.6627495834
3558,-1780142.3513531971
3604,-2437140.9566782587
3611,-3263569.7668171865
3660,-2518044.759919914
4021,-2292637.748634424
4037,-2550178.808809407
31,-48088.00158876276
165,-257669.39582241932
219,-145524.81426462854
229,-15746.654486730053
334,-114863.759977999
924,-190013.2196710369
955,-123698.08083908148
1286,-420351.5769865742
1670,-192796.35892083135
1896,-150985.80847822997
1915,-69667.12231937333
2222,-356983.18752538227
2437,-470697.7106406489
3459,-561781.6733947439
3712,-12855.927078434717
62,-879154.9364160745
131,-955742.7852834575
197,-1593768.4416722206
202,-1778688.1032980578
586,-692557.1640999869
689,-492998.1417687867
828,-1119393.4803987667
835,-2488605.7093771207
1076,-1097087.3051782616
1153,-2167887.48466525
1247,-1011968.2546340175
1255,-1195882.279358479
1442,-990168.9240275274
1525,-897980.5427181466
1830,-675925.0483465785
2233,-1817614.0257006127
2276,-660433.4045287007
2297,-628069.8094362791
2464,-2596571.9902268634
2794,-987362.4632440319
2875,-2123739.4275425808
2934,-688529.6729884169
3126,-1557430.2472614779
3180,-1631938.6846338755
3582,-964060.1884008993
3708,-1569241.1970423616
3778,-1447607.847425675
3968,-1345180.3360820306
3973,-1803038.5202669508
4092,-538055.7532377987
118,-2788912.3666750737
512,-931690.5437126833
585,-3214315.089614374
618,-2872951.2112734388
1049,-1013751.4364278077
1358,-1116044.6144637072
1464,-1122642.9342591325
1468,-3182268.731743471
2365,-1619386.4610160354
2419,-3038929.7090323917
2565,-2497511.1291319234
2877,-897239.3850207785
2969,-1768927.3491590163
3078,-1190307.3714554668
3142,-1036001.0906742405
3248,-1234997.6304014255
3257,-3339855.0142609337
3367,-1198497.8664055024
3483,-1717210.550275294
3626,-1327107.2589515592
3766,-2538391.54184527
3812,-948812.052279064
3816,-3363635.0545471767
405,-263672.9300894732
417,-1311374.647211675
562,-1509747.9808991947
755,-281647.78917532746
840,-1644691.4364367863
1291,-1163755.0350730668
1540,-637363.3261076611
1792,-1453560.7910127814
2037,-423990.38548125094
2038,-2188882.3757405463
2077,-850455.1490026048
2156,-872674.168578548
2191,-1465514.7089241375
2236,-513270.8786383055
2312,-1009314.1705454618
2316,-1980976.1999054071
2620,-1688059.8059260943
2691,-1567293.6241518431
3025,-1486418.908058337
3039,-899571.3681468273
3253,-944707.420683869
3505,-3128845.064391513
3570,-900489.387242528
3605,-911073.8521083035
3742,-2358593.251950505
3773,-816335.611248566
3832,-1364941.2084018572
3909,-1014711.5478318684
3921,-2142768.084545933
4002,-2670751.87292579
35,-1053769.3143746685
235,-2924324.278654021
244,-2597657.9611046524
588,-796579.982152303
701,-341321.00448878924
722,-428337.13264097896
804,-679591.3144796261
997,-1088029.2161907603
1435,-1763999.9182331262
1589,-1958019.5990520096
1694,-1858888.233685145
1722,-475748.949555882
1817,-2294225.7138525182
1909,-253762.37280806195
1964,-2931786.1351783862
1976,-1588739.4395711059
2198,-1921943.0367591912
2298,-1273852.9408210183
2353,-942875.7857253081
2482,-147202.25764827215
2531,-1004536.295828059
2900,-163876.4594127893
2918,-467540.8719814068
2980,-1442571.1845841263
3030,-470751.3202271416
3076,-456421.8766648183
3083,-2891891.676022601
3333,-2881276.1056153006
3503,-115525.00192536504
3545,-3074055.95386241
3587,-208358.101645547
3633,-3372148.501656411
3703,-715466.6388765408
3759,-699471.5533259063
3895,-1996920.0929228845
3937,-2524839.227214666
3938,-3140827.7815922843
4040,-2734203.6726158494
36,-862985.678633623
144,-1132872.3988719063
266,-1562550.0352404888
371,-1412238.7231381002
460,-1848270.7812256524
698,-1311020.9824938693
811,-1128069.2895368445
829,-533051.8760046222
946,-276921.8094679924
971,-1289087.4331047873
982,-307243.2813923299
1005,-594475.6868895693
1067,-1234201.9111021117
1170,-641263.7362911337
1202,-205780.74156251305
1223,-764713.9177761191
1235,-507562.4277252943
1253,-657696.8051323458
1269,-990757.2594396243
1293,-1102745.2242435275
1433,-1990734.1892307138
1445,-870604.4565317748
1481,-812515.9936241431
1577,-491189.07230847824
1609,-937010.9834830973
1840,-1125519.5259062955
1866,-665791.877514623
2023,-1187181.0685664073
2040,-815232.3849941794
2050,-972308.7463037375
2095,-2162191.2706387425
2105,-344321.5335034283
2108,-626930.5838747402
2213,-1018943.5874914449
2237,-426830.75588865194
2307,-1802063.8458591497
2368,-1682026.695791505
2424,-1073250.8503785392
2527,-1206305.2630193774
2550,-1564309.2738382935
2632,-1627728.7842986253
2745,-401600.1425738679
2767,-1276846.0613571915
2818,-1640317.8033700201
2845,-1064874.6706207183
2857,-1159549.9578745281
2878,-296336.6404580985
3072,-579473.67188108
3283,-881965.9469725026
3299,-191001.74284885652
3332,-921612.6002084564
3345,-1411365.4249217617
3352,-1039692.5227391107
3538,-284499.9046365696
3645,-1158208.8204323703
3664,-902217.9833105933
3751,-892371.4136231155
3901,-816845.0504491507
3914,-881542.4328450995
3945,-579192.8236114421
1669,-1504149.1595128991
3185,-1453733.9049278016
3697,-1668928.520866433
178,-1723162.7226345043
478,-1032478.5822444371
667,-2923026.4652469885
684,-857294.5176313823
890,-890322.3880121885
994,-1782526.4749571756
1095,-3621661.444278937
1229,-2069141.0071225946
1959,-1456303.2357354318
2303,-738508.1022011195
2355,-2229389.3547889716
2375,-2223450.838162725
2436,-793394.4074980391
2538,-4291461.570752966
2788,-3210205.3869809527
2908,-1787483.2113595353
3268,-636099.9883935245
40,-1084.2459209951908
2798,-19738.94199748715
41,-18647.568900156755
2164,-36456.01615715115
2946,-5330.305247530275
2955,-232462.1322020017
3735,-56594.868478712095
4067,-8823.6381667404
58,-552258.8970146077
385,-247018.9051441661
606,-307617.88389389525
624,-1041460.1548774616
639,-273427.61949284276
1016,-444278.2195358599
1062,-590087.8208678612
1378,-429529.7130376033
1655,-642311.0763318803
1717,-360327.0630181702
1835,-220596.14588762415
1925,-330403.404282329
2001,-826297.0265598405
2652,-479392.73252574663
3511,-514637.0493883613
3727,-694483.8203851632
3775,-489006.4753813178
3868,-361028.57488789404
3902,-658902.4977140338
4001,-511309.6105298519
4025,-499768.0911483933
4068,-471954.92619013245
4070,-713880.448934706
552,-1776245.0476307156
1104,-2605555.5786562907
1429,-2117407.375939656
1614,-1818848.165159005
2249,-2857218.0645197793
2283,-1571375.122793382
2459,-2636976.370854655
2563,-2194244.6617341684
2596,-2026912.9747164536
2635,-2892472.772650708
2904,-2812381.948825578
3000,-2565300.587976704
3033,-2641238.9986539646
3099,-2153381.690540589
3406,-2135859.259866821
3965,-1941999.8782604863
157,-1043990.3878981996
218,-1088544.8917283528
477,-1107374.3235815607
496,-1707902.752013315
690,-1290926.2347962195
808,-1174835.6785107504
1126,-683139.5178829771
1297,-656531.3522523548
1316,-1931533.2615867653
1520,-1013592.7261421182
1547,-574486.2478635878
1559,-696741.3577440834
1663,-440855.94068754895
1727,-968473.3387335709
2293,-2547272.4753241665
2310,-676497.6832135067
2342,-644374.6887492507
2422,-918742.9505823407
2444,-982836.4185057762
2668,-712750.4115813676
2919,-1838619.568476826
3064,-977652.3874920779
3296,-1025117.47542577
3460,-302449.38628021267
3515,-1217794.8556027145
3648,-1876951.7150665787
3652,-966825.5641079618
3770,-872791.6316370169
4020,-1690178.3478830138
4043,-671407.7815486212
1480,-751412.9525917197
1668,-778153.7917819947
1947,-2107197.8873997587
2772,-2418883.459362144
2896,-1993518.1060908614
3445,-545109.7569310622
3619,-747610.7515830599
102,-1563108.0066742965
726,-2515203.24313588
813,-2422923.163582448
911,-1234258.4439873227
958,-2694818.1563355797
992,-1596236.5907576932
1102,-2719251.8056111904
1160,-1838304.000127152
1197,-2087031.0472477311
1208,-1749794.7883974428
1594,-1621616.0447697537
1811,-1300699.5489912953
1837,-2795411.055089695
2118,-1285773.8893356738
2245,-765028.4005277342
2344,-426797.6917617944
2376,-2120505.734414476
2605,-1966763.0338227462
2671,-3470757.613518684
2684,-1839852.1108074319
2732,-913028.6079373622
2764,-2075839.8028637185
2784,-2100196.3999234685
2883,-2503799.6586977197
2948,-1358186.4340123148
3022,-1443996.7458025985
3453,-1794965.675511455
3783,-2260105.5783334575
3848,-1640318.666597745
3878,-2402037.7583246604
3942,-508383.4991163608
70,-4004641.778201375
366,-3512709.643059894
408,-3408501.893542475
454,-3599843.768035836
532,-2681066.9237325513
648,-4683631.312713169
818,-3509354.1623760066
864,-4575940.311161713
975,-1909414.3432065803
1032,-1708166.8910176684
1083,-3672057.385664391
1129,-3299981.1895344597
1399,-2104456.3054710003
1495,-2868766.084008562
1610,-4112176.5807304294
1780,-3447279.2724489747
1821,-2135955.2779540755
1906,-1996989.0043696237
1962,-3187409.5035769567
2129,-3719452.904452979
2163,-2283684.2421525777
2185,-3663352.7738464866
2280,-3393029.3753760215
2289,-2944281.036580712
2333,-3730241.16677852
2372,-3687782.9741520355
2445,-1889634.1065799685
2669,-3539737.760283877
2728,-2011564.845858232
3002,-2399624.2069126633
3062,-3182821.2944273357
3281,-1979068.4400390366
3342,-3905682.755335824
3378,-3453388.261516083
3519,-3340490.1537853237
3667,-2946439.4854709217
3827,-3681573.512548884
3839,-3742801.941918669
3884,-4345069.612202668
4000,-1872606.6109531047
616,-1271539.9001759065
2397,-1291082.2886749282
3872,-655382.0947063525
241,-1165386.4237359285
578,-1361786.9076228582
918,-902527.7897710243
921,-579343.736902286
1088,-1057977.2002511912
1673,-1924287.441965368
1681,-1024450.279237417
1798,-1200941.5122675272
1989,-1431719.2978233465
2463,-1237581.283775975
2467,-1777535.2475762726
3573,-314221.6541646626
51,-586344.8012479022
170,-126505.7990797673
175,-1273177.8745784983
513,-1507329.3340451564
575,-1278707.2451270358
653,-628873.6590844038
783,-548852.7850784034
858,-656870.6638155156
948,-788674.4807521224
976,-467182.73159328545
1017,-67391.98085391261
1053,-704567.5745041722
1237,-681464.5390268355
1287,-539028.9738262456
1306,-582407.3282821953
1530,-382682.38578032906
1552,-636268.5926894223
1628,-1987346.9208199854
1696,-765893.4867517983
1725,-1012133.0374894738
1761,-510251.6484531164
1863,-494851.55436683807
1946,-1225177.5090713212
1965,-1403417.303628868
2120,-1556955.4338114324
2157,-91439.00360215316
2288,-187013.46242377374
2621,-2639001.7089560246
2704,-640754.6258227408
2711,-935855.3094914827
2791,-475762.5275457914
2891,-1294823.4236536438
3220,-495020.07293841796
3380,-398413.6521368918
3472,-754547.7401236935
3480,-1323478.1370181427
3537,-988714.7883564499
3628,-1140901.4704778665
3649,-1142033.1646977193
3731,-786485.8747103374
3745,-271429.91674059856
3790,-393271.2767113707
3923,-1304886.4706795458
4077,-1104365.2763119896
52,-126804.16891756025
90,-102586.09253073657
488,-533424.4933835535
615,-815276.2942209918
767,-318064.4791344194
865,-297897.75874328596
953,-481259.194489832
978,-523196.4303863279
1154,-484020.6310070552
1494,-390928.0210673592
1634,-596203.2249594398
1951,-93338.1839081153
2235,-287527.58813029685
2393,-158880.35240398403
2535,-385630.0486234045
2944,-56155.56175149719
3416,-210156.17255831792
3539,-505313.3254491244
3926,-56847.196291991175
657,-1087258.9658924346
1526,-1198414.4348652668
1598,-1493833.5560498096
940,-2086314.9212430427
973,-1046630.0542935149
1200,-3005827.8702175966
1278,-1802981.0047325462
1282,-3138137.775773844
1466,-1324674.1498538947
1491,-2707046.844511641
2093,-2089820.1110083153
2712,-1356240.1012858953
2755,-2165761.025882534
3148,-2390145.09084052
3284,-1624996.620932045
3636,-2315398.131345421
55,-192141.39846905274
99,-492133.4129517273
152,-475288.140673704
190,-234125.40593373074
240,-347389.3939699394
388,-234999.45824314782
506,-352400.657941953
561,-124952.92309754333
762,-286375.1504188823
846,-396807.96584290994
963,-505963.59658817336
1071,-193512.74063727015
1258,-386798.0627270272
1341,-133274.20303739863
1398,-389957.8670426579
1444,-92546.57933048409
1819,-66203.99205903582
1869,-334466.03254803683
1882,-391307.21429484506
1939,-788416.5622347039
1982,-111160.82233151452
2153,-522860.06836009235
2239,-230910.49792966238
2256,-262349.4162526345
2427,-456762.77322091814
2523,-484905.61639584444
2545,-92382.90785194296
2805,-288798.6894555273
2827,-188765.7567195447
2856,-70546.2121373158
2922,-71342.42674374206
3203,-343980.7342352771
3429,-138560.6492050172
3940,-318124.2418225921
4015,-599565.5219740606
299,-94806.43236159635
470,-255033.51831013156
768,-636375.0300857722
1033,-161039.96006679282
1325,-328387.7857307298
1391,-143856.7545098429
1744,-463897.886045159
2133,-415256.2903599891
2214,-405711.4258010405
2462,-123651.38498564821
2530,-119935.76695406534
3275,-955647.2623253235
3681,-129787.80797673286
59,-361443.80271587777
200,-282071.6813283287
250,-849427.3902554634
269,-331315.105650305
277,-715722.9902659182
354,-216879.92181533613
809,-722046.5645014774
1706,-290170.1141307057
1876,-233828.9147017001
2146,-201202.1547104147
2352,-154412.41648190087
2601,-66464.15533914455
2890,-82520.60741334542
3065,-1424626.9259656174
3207,-678078.2828499697
3247,-529792.4087558399
3338,-114190.09395332808
3592,-44113.78646176422
3823,-269133.8806024706
4073,-594211.8363067386
61,-2415.7239471726775
501,-237.67737926286196
1073,-6836.267657517175
1843,-6108.361529311353
2099,-35178.87494381279
3362,-5322.501958291773
1452,-436951.8406501043
2589,-562643.972184324
617,-530274.8778460854
841,-825428.5883980589
888,-1037025.8250318147
1890,-1219448.2504105172
2284,-1024325.2871841966
2438,-1173509.1405290565
2740,-433274.9307254246
3075,-689318.8396680093
3092,-932347.2213942168
3349,-913407.8077148998
3602,-1348656.5281187608
3728,-834622.8655427895
4052,-473228.47517076274
64,-20460.407659361663
394,-16949.317235898277
817,-72572.98493237332
1756,-72484.99092698976
1993,-114396.91890658143
2911,-23869.062907893793
2986,-20829.252124885905
3433,-17813.718115090884
3491,-15354.841474469673
3608,-53214.56547541591
106,-220974.69480645983
1675,-90729.63173496492
1720,-203672.2209189803
1934,-284490.8498493956
2421,-270626.99796676735
2558,-145422.4492206671
2641,-134839.24642464993
2991,-276606.4316924621
3164,-92813.55914973469
66,-255466.81078593255
303,-107895.3205169721
430,-325954.3985233412
543,-66749.88779312874
625,-152474.63443384322
1007,-347648.8942703278
1321,-146662.37058476623
1406,-138178.12512855697
1624,-143346.5209863748
1695,-65059.861522359955
1737,-944418.3253876638
1948,-153898.4219729571
2254,-425582.22271608905
2325,-500724.60715454235
2661,-360683.78152350994
2832,-435561.0441978117
2887,-142696.34357396362
2920,-718067.5802348059
3225,-69517.40708584632
3495,-244989.19108775994
3509,-390286.1860958825
3540,-400378.5231142174
3709,-140755.35036535317
3875,-55570.170675594054
3986,-152399.62340693205
4080,-311652.4010140217
319,-145404.64699668804
410,-236925.6789573888
466,-305517.7094177298
632,-102702.67780829319
773,-218144.39259201853
895,-261809.34029424406
1365,-45781.75203270998
1392,-820653.5003437067
1584,-151476.68123355816
1588,-562002.9909947519
1643,-195900.59746307903
2061,-336395.2064297227
2351,-97375.56723013472
2373,-89213.13998661582
2469,-403452.98504801624
2487,-704968.8683699308
2646,-803147.2337394494
2725,-267306.1499767247
2936,-60085.34511465636
3435,-172809.09399638587
3661,-608289.6589696084
3874,-97435.9230898187
4022,-73664.19193390953
4071,-1038162.3055842847
781,-795772.7398462311
293,-743416.2897276445
1066,-1119909.0002989185
1100,-340985.9458433065
1113,-746409.7275804897
1125,-296598.41338915844
1292,-329620.66415297554
1676,-756330.5145491252
1752,-461473.3836899882
1794,-847674.9626183829
2356,-1177292.1551398134
2369,-1073424.810733836
2602,-1224928.3662511304
2990,-1024114.646740402
3223,-373348.0648008587
3359,-691769.8737496157
3447,-489941.32242132135
3568,-751432.7534126369
142,-2915225.7699655923
1305,-2431622.316294787
1313,-1640978.7019611401
1615,-2396040.6543703135
1778,-1493834.2468712453
2354,-2558096.276404588
2640,-1347968.2782408178
3530,-2770461.7090357705
2380,-3260541.462946397
184,-467080.71998963907
242,-1121860.0043975478
323,-1627610.9853913526
413,-1425734.7319157622
427,-824528.8265663206
487,-1721533.0947140576
608,-500519.25134486845
705,-2090164.6526545617
861,-898085.2164879083
878,-1995644.8486144
983,-1000957.9281439593
1130,-1595396.1571637932
1254,-358676.6124303804
1261,-1039871.6401609797
1366,-1626316.135568455
1553,-386550.7085474422
1583,-390023.0419275952
1770,-1106926.7356525597
2078,-1609088.2469671743
2231,-937990.268974682
2250,-732782.6542599208
2420,-1497684.2588162974
2425,-1440278.2183349505
2481,-1829267.830274442
2486,-1425716.1201947692
2489,-954130.7142691092
2497,-2044366.9961296977
2506,-682130.611194623
2613,-2132770.56103123
2731,-2226560.292599028
3090,-2204056.550981834
3129,-1634143.0452401512
3137,-1917206.278798573
3267,-1746576.9610107802
3682,-1462593.9028840016
76,-1487633.938900026
171,-1359763.1814793434
324,-606983.4768924884
401,-559379.4173126684
450,-945263.8075182963
464,-1329375.5822472824
790,-1628327.2718616382
986,-706896.2678075628
1180,-793698.8331277524
1270,-486970.0890353625
1298,-491537.3938475513
1346,-1190131.8034109315
1592,-462092.2095547739
1758,-1471249.6883106371
1775,-438957.11432683485
1846,-1126186.0431644078
1873,-534933.9727743042
1874,-947991.7814923725
2180,-966227.3572362609
2291,-500227.76235126716
2404,-937186.3250570234
2429,-506804.39300180675
2607,-1177780.649605055
2702,-1875340.2170494508
2734,-586409.4049824582
2762,-1075985.9287922257
2785,-649817.9783933761
2864,-1122994.6113580586
3005,-1702470.4729423223
3085,-533226.1526139328
3095,-524194.14937575173
3134,-1947853.8376005697
3272,-1237048.3672629234
3384,-1026320.7628289332
3536,-805367.0779945086
3610,-1566201.1166784836
3748,-1409324.01604534
3753,-911225.6105472782
3916,-1837533.489506369
1169,-482083.4746072349
3035,-152483.52058696502
3467,-74535.3402908407
3837,-122403.18337472733
4038,-644321.8128836624
3917,-495200.69720936497
3913,-608575.6552729836
81,-98939.33717493007
497,-298421.28687889007
774,-170881.68233633513
791,-234971.53524485207
885,-167073.75794052304
1009,-344730.7678846512
1204,-47441.00025681932
1301,-277193.9486728108
1631,-131393.09827091388
1774,-388588.0508823903
2127,-87469.02105277203
2244,-184971.33097731895
2383,-99840.23798518119
2510,-196542.801608211
2577,-207536.55012489785
2626,-206290.81268647368
2962,-269810.7581455541
3061,-43122.286446329905
3152,-128194.55378082386
3320,-168169.832887872
3702,-336583.748252388
3927,-168448.68061114103
3930,-209974.62532650502
786,-651278.7656873666
1267,-279288.15116329945
2431,-352403.1186448684
3023,-470247.76012445294
3733,-352559.83666250244
491,-1543641.8666237863
2954,-1467150.0226734488
246,-596182.8622083355
1220,-581159.4289032144
1405,-782812.1428934885
1413,-146210.17472220416
2320,-69372.46172574042
2552,-115806.67107236972
2897,-126696.58328730226
3178,-27703.414141745227
3819,-602121.899831089
3825,-448855.055615144
278,-609036.876322809
2282,-508300.87064251525
2905,-645599.0770419693
3044,-632481.5659074307
3145,-474877.355305789
3670,-786233.4224950281
3795,-702801.1244216369
307,-966395.9174734005
525,-1034846.2304765753
529,-718101.0203184009
3125,-774777.7693170403
3231,-819253.9147984798
4072,-668815.2893428307
523,-92247.42733509549
1641,-6298.507931905291
1996,-162551.32298656495
2475,-134048.12787358597
2597,-51035.82122818892
2623,-93768.03881136073
91,2.00012972901125
3341,2.00012972901125
199,-318573.1429339364
869,-248342.0473818651
1162,-176166.44690737347
1555,-219453.5379395922
1857,-289392.7599987936
2554,-216399.63624537742
3003,-40265.350129275816
3451,-46353.40854306177
162,-1046848.2646261343
926,-835150.2144464871
198,-658072.7043536163
546,-235481.7582744786
744,-500365.50788496435
779,-363694.1949332153
1128,-449378.08923306916
1187,-583389.4108445647
1201,-864382.1509162746
1335,-570363.9349681617
1348,-390104.2626639538
1686,-317344.12768428976
1712,-379553.32152160106
2091,-276216.01914143923
2290,-240816.11936489565
2774,-147378.2802394939
2886,-325705.07803613396
3222,-202842.0720072339
3278,-257782.9994384409
3487,-725121.3960023667
3496,-370792.8903198068
3526,-434368.5671533995
3606,-246585.48579765394
3699,-205175.38007157441
3822,-278581.36938484776
4011,-497700.8828887668
4024,-859269.397697165
97,-2268051.7058298164
127,-987150.8359568246
231,-2289273.256793924
248,-1102222.9086780555
378,-1242832.156967453
407,-1017885.368585572
560,-1375712.8273272726
826,-1567946.9672907807
830,-2781970.8411559183
850,-1406696.7182084844
857,-1863390.7162073608
867,-1196411.54398612
1000,-1488298.1942272498
1031,-1364700.2158638844
1063,-2224743.485483238
1275,-706496.6683470213
1302,-1943257.427875354
1360,-1733115.1569357696
1459,-849595.150260294
1524,-1126745.3908278956
1527,-1853671.3744615691
1662,-1389308.5581898675
1745,-1270611.5826372688
1878,-1381234.615400986
1980,-739320.7620442556
1998,-1349281.537264648
2036,-1287022.315538429
2067,-1412244.8997524404
2070,-1757861.349001164
2089,-867441.8982490978
2177,-1790425.6391167282
2228,-1733077.6633176105
2232,-983114.7453273146
2418,-1577888.9387285404
2455,-1543096.7853357259
2529,-2074869.5576906588
2624,-1077320.4799702412
2687,-1840064.4362251095
2959,-1394280.7915761613
3053,-1286929.46720271
3104,-1177877.6029553376
3256,-1538677.819384969
3337,-777218.1820440602
3527,-904489.1407682425
3559,-1481191.2882719405
3651,-1514663.7921729868
3800,-1074672.0388495205
3861,-1570828.6252902648
3959,-2204407.3639495913
539,-65532.47731071374
961,-249774.3971215094
1176,-423459.4138953139
1319,-946347.7334894765
1369,-295635.62629078
1388,-298686.88104562974
1490,-364033.216841742
1529,-693300.3781537804
2201,-470628.96723873256
2358,-153571.67198171094
2914,-924891.641895714
3140,-199220.45551353693
3729,-120846.65861116999
3906,-214397.22118720482
3911,-614175.4332686401
3967,-359899.54928501125
344,-417120.87212094624
557,-612647.9383812859
874,-1161082.244989692
984,-1296593.4989123538
1850,-502402.6220425414
3246,-796549.6474064111
103,-1031657.4135656444
255,-812843.1421118348
289,-434497.84872511576
426,-518234.2839510484
443,-681629.4926443307
446,-468606.3836161807
449,-2127219.5603057635
519,-943074.3345677018
587,-748334.518895986
595,-695746.7575042668
609,-1084104.3855778056
1044,-534024.3916673188
1243,-788012.1971835825
1279,-527968.3410995791
1299,-283979.1793878738
1575,-502282.38968936435
1753,-435651.79691913625
1928,-710394.8218194905
2329,-1802810.6750294694
2719,-478909.3689213888
3060,-1280031.489750327
3082,-932235.5903900845
3141,-595409.7241142816
3498,-881428.7581265623
3654,-1200564.5594545905
146,-983813.3093040154
1215,-1554831.2404936473
2989,-1334084.8418212365
3198,-1500372.6800504182
3556,-1103898.668424923
3647,-1069784.2675880587
3714,-1280738.5583201495
2275,-408721.0767107569
1467,-1037843.7507759314
2223,-492303.28138904844
3047,-518038.68217782147
3112,-778119.6847219048
3961,-703817.4261115495
631,-970771.246081041
3174,-1462904.7549466004
2477,-1559507.919402781
112,-33314.5573856117
1020,-23527.00256747507
1103,-280580.5040634395
1877,-15185.219337777298
2262,-701.3131986915818
2907,-1101.3323373948472
3717,-23947.427398238655
3463,-529226.4372892835
906,-1927523.3673304988
1978,-397609.5407217124
2258,-626675.3977857925
2606,-243813.5440151478
3254,-934070.4622640699
3919,-442878.57432360254
3994,-369721.11033060524
4055,-2043028.023980859
1728,-769430.6902976985
4082,-1292049.7297556642
917,-793698.3875009244
1186,-913553.2583092827
2457,-1446620.0990261452
2773,-1241400.4366409797
3826,-917331.5115251942
345,-323879.41824807826
671,-696923.5871640027
1457,-616280.6318761815
1546,-507549.9896067566
2161,-453790.9813422694
3386,-698250.1541154025
4045,-635972.741325096
382,-615877.8423252928
1581,-423434.58310483187
1719,-495708.71059349214
3056,-550560.8541550366
3184,-1505613.8620054238
137,-1389206.2930617132
282,-457280.5949208594
305,-990528.2758451988
610,-1589500.4324833963
794,-379919.4089733753
2202,-1124897.1985485237
2217,-1837396.1419441057
2264,-773720.1005473202
2581,-461744.970430687
3103,-472627.6487617619
3321,-574716.5104574093
3542,-693975.1619823079
3625,-1146872.6220156697
3687,-468787.3478920747
3885,-1364404.079283218
3991,-605165.1185762973
4019,-621083.8397826827
123,-8654.37283845855
393,-519.4829525921975
1995,-7331.6808214871635
2965,-24136.497280919568
124,-496091.3682917832
210,-86133.80887161338
435,-196929.44758314008
514,-679271.5497731589
881,-825536.51764235
916,-564976.3816231804
1015,-201533.3698060521
1074,-585223.3966776414
1127,-315979.07192731317
1138,-354672.65045304334
1168,-147447.69137453122
1183,-130457.64007628881
1260,-240676.10629435763
1332,-785288.2349651384
1345,-494799.18782305345
1380,-550361.4328179922
1415,-106689.30250157313
1597,-955828.4029294733
1622,-777419.7676459894
1791,-492944.6203860122
1834,-540377.513103715
2086,-367579.3178145107
2142,-165179.92192077904
2408,-272706.10269013554
2925,-686952.3185906156
3160,-346704.4968182975
3173,-507580.36649079743
3694,-179651.04202799304
3701,-250228.01102468657
3808,-461681.7579969646
3811,-308530.7680009296
3849,-131786.40008250295
4088,-253033.219193555
314,-1343020.902133307
425,-198449.59612128075
904,-990536.2403021413
1402,-291509.1588193317
2285,-613663.0536101025
3017,-918198.1451171772
3983,-1960351.6222208668
222,-217890.7662857596
732,-194500.76345540362
1724,-909120.6088773765
1858,-729146.8916788737
2027,-493681.6737343266
3237,-110239.65900520887
154,-786130.251218452
398,-364449.36145955644
756,-1178109.3874165409
894,-423204.1471911576
3269,-1380092.7098777837
3918,-1005462.5674427821
185,-1383536.3706431617
183,-733287.6807425366
468,-621614.6785027859
871,-406546.52700877836
1092,-826187.4246491498
1264,-986605.3278258927
1966,-397121.4207993955
2189,-425499.4609858356
2619,-600221.869625931
2939,-317388.3547803963
3578,-308248.2212065783
3904,-941384.7168925053
134,-68633.53925708443
203,-31223.276458817003
1285,-29390.171903962077
2710,-81833.34361133669
3007,-35901.25551886596
3618,-75464.99937264112
3924,-70494.68456547051
3962,-19977.926418896808
1280,-816144.6828232023
1971,-825463.7580671547
2609,-936079.1745622985
136,-38136.0500712941
195,-3959.362743762257
463,-33305.59792777617
1173,-225927.93922196308
1310,-27281.137152563704
2109,-102317.72606326752
2987,-6002.287983028911
3507,-1395448.1308562614
2128,-537018.1455127128
2546,-202913.6451234739
2840,-204957.50752270786
3318,-810908.9954592689
490,-549929.7820794581
2052,-506685.66415244446
3615,-407471.8763272214
298,-369115.5499488077
3674,-216458.05487862925
3831,-305604.0991701883
350,-515089.3440759688
509,-448529.7925675843
526,-521241.33074590046
708,-526407.6246686676
1058,-286867.95766926097
1065,-390244.9555664734
1379,-264514.2354997263
1664,-596943.7085910449
1718,-235093.90890103392
2149,-473749.64194827876
2504,-591074.3580631879
2562,-338796.975058244
2651,-267361.215832365
2750,-444735.4363784748
2804,-562442.9881468383
2833,-391658.87959252205
3013,-308705.95546744467
3027,-311082.46981872467
3102,-371734.9785680804
3371,-769264.0141669613
3434,-480433.4207895361
3680,-654776.1972030401
3907,-516082.26804256754
1879,-263540.84926966124
2512,-125100.67296487727
149,-118535.9112752338
453,-22549.502231077116
500,-43811.94498777565
854,-267180.3639328937
2039,-11089.127728946813
2319,-138142.47431995306
2476,-307082.7293639645
2650,-200612.62379647978
3111,-80625.39796236936
3425,-108582.72019401786
3524,-104896.35045927581
3700,-605165.5528147785
3705,-33019.18597416679
3840,-51223.85732434096
3948,-260589.1975129499
4089,-107849.05638249079
308,-251250.47893520555
590,-97923.81541930426
592,-750819.1425723133
979,-54367.479048868
1499,-168079.41214285442
1954,-581998.9453561414
1975,-469902.46345971135
2121,-687679.8569766451
2933,-330421.3755794622
3297,-89439.86431725226
3982,-223905.25978868967
153,-215926.02006388357
237,-140876.5750498958
1178,-553698.8727773505
1789,-60500.511494297636
1833,-392969.87575725175
1883,-791313.7154438148
2123,-473961.21715941036
2500,-571513.2151043491
3385,-60223.069902081574
3500,-295424.29587467347
3653,-24191.97939608776
3993,-632117.0189125245
370,-281738.8639475032
511,-335232.34681842785
703,-397271.3553471743
1089,-354351.8312254439
1185,-277738.27001678234
1513,-303763.64175096777
2199,-431332.96604994487
2432,-196249.4391414371
2618,-1453666.228203818
2819,-207875.85796713267
2862,-171358.38931027078
2960,-413264.0822881282
2968,-258975.23554490847
3623,-587994.8293980262
161,-11242.339347631178
1039,-10074.45555582039
3436,-32643.11947918781
591,-466493.4730707985
1860,-510520.11267676286
2703,-646622.2379179528
725,-404796.7256048121
1595,-379932.3157448425
2471,-1906911.8779884605
737,-282789.906427261
1548,-136579.13125562292
704,-68053.27448075217
1374,-44737.07043829537
1476,-258826.74401109677
2452,-132067.32050300782
2803,-61923.82647030904
3127,-162239.1515377124
3233,-63227.786040628496
2681,-517604.06723659113
2825,-124096.67830374603
399,-279354.11019658437
670,-91853.81185900766
738,-77184.62017643986
1027,-63121.752065203196
2398,-107692.20774447657
2509,-18501.367194033613
2799,-381372.97114607575
3169,-371899.26370768266
3455,-197660.5594413572
3588,-311268.69450125494
3870,-96218.4694436421
4078,-377047.77438315883
4094,-61506.479932091745
3276,-310596.83435756125
3929,-338706.37743574916
3935,-304257.0147593571
281,-1045710.7056083459
2484,-1618262.575093139
2666,-920823.3504380976
174,-94.86485601176192
1566,-99.34807066298005
3464,-25553.301635119846
3737,-4638.947568391764
502,-471693.8735915828
2225,-235871.6942569147
2806,-393369.8106332865
3975,-272280.2577413832
176,-1565.782938739821
215,-2389.8201825551632
1618,-6715.192517975829
3165,-25405.29200068041
3830,-39244.63873054008
3953,-15235.775619557031
1263,-258917.58947882525
2364,-409505.6323563695
3432,-334888.2077422002
3932,-232182.3801215321
179,-77021.51753784114
295,-114602.43043044365
437,-397825.6448800236
573,-302139.7807727312
821,-461320.219439587
969,-185160.77979422067
1120,-23324.436350162916
1334,-6949.442784446337
1916,-155921.30636847476
2614,-203099.4752653186
3073,-65494.36127301881
3280,-129082.02654691286
3444,-738790.7582879864
3450,-466766.9029312524
290,-214361.5743417943
3098,-158968.6629047243
256,-124787.95649444287
411,-192103.08012370794
2071,-437314.2970552451
2371,-70783.64444539165
2566,-138219.27736070997
2995,-237623.93332363322
3373,-128048.46057900455
3669,-69632.13523502635
853,-649864.0648047182
432,-175182.53129995154
517,-888484.1737656863
569,-204833.61062782689
876,-373958.61191035
1296,-471664.9753277165
1762,-1053652.2414927555
1994,-734770.4116883966
2054,-584985.5030525702
2859,-716365.736846446
2988,-484270.0799578137
3397,-983825.1251126713
3427,-295123.10615780985
189,-70527.62390570568
944,-356463.78941082716
1389,-244203.78904705864
1748,-182090.69626328093
3288,-55760.192614918284
3787,-496339.7673942708
485,-145140.68413598245
706,-113856.68167471325
719,-78036.8690634239
839,-176858.10210735598
2299,-45594.64549797905
3428,-121390.76095368859
3954,-90983.93750659737
192,-244737.7908948073
416,-75032.41144616168
444,-56041.411414331
556,-100209.97012034111
567,-37463.30959179774
1090,-75064.14634444803
1195,-269669.4178982003
1329,-143746.9984556675
1475,-21568.666828179412
1747,-77190.62841688543
1952,-368346.08015899034
2172,-78351.76461405877
2314,-121231.94264247284
2465,-223886.39277650256
2593,-153052.89203305985
2950,-253112.7941277458
3077,-245989.6862780319
3186,-138681.12161357424
3785,-15900.443095412505
868,-32811.87249239741
2478,-2266.182787031353
2532,-10896.527133416552
3335,-193.26209196742266
196,-4964.64267342714
1585,-365772.99333360157
1519,-226642.33231634763
3601,-608523.6818688366
2873,-145205.38533550297
456,-100864.94309631041
1226,-112880.84366058248
1538,-183249.41015338572
1732,-65059.09885727856
3290,-95324.20076429103
3963,-400750.0406235326
201,-390223.05202286906
206,-517869.9144663636
409,-79568.04929949436
475,-742656.8905981499
1025,-255057.6418145974
1703,-576142.3370378331
1871,-421047.9593949124
2447,-239848.7009463516
2841,-377665.69845013804
3401,-86665.58781268
3462,-78491.95924399026
3998,-212297.5710829052
4091,-465448.5227970354
3069,-37085.022059954645
3835,-97153.89171765848
1312,-455433.33926819963
1516,-293431.9166100315
3032,-343392.6037169252
3471,-316660.6510943021
209,6.638957334932201
1119,-24.74118213524304
1750,-18.027772560532416
3925,-86.88185047023732
459,-16602.35919530606
551,-49096.14393179056
359,-444067.5748608115
1339,-679821.3895478877
2792,-593281.0350916308
311,-492091.1582537955
3862,-159097.0964329453
223,-164313.57618084745
535,-61719.11179742123
1698,-196915.89417109883
1721,-166635.0257587956
1742,-139875.97031107498
1931,-166443.683216055
2388,-147503.51923783068
2496,-52753.19678412615
3154,-150474.9143749628
1086,-121981.96474532555
1122,-26327.28808922626
3045,-4821.663285171255
3443,-2944.8783565310255
3567,-27144.19686385253
1709,-54771.59513704399
2064,-215747.18555313823
3191,-112481.37900701405
3390,-216609.0129351371
3762,-73915.11219746694
1022,-6810.994187053643
1450,-6862.008409040383
1851,-9671.368701064219
3643,-93838.79003149441
3718,-348812.6968273802
1221,-248803.47558385454
1567,-193521.6868149914
2313,-216435.73698548606
902,-207679.3489732715
1841,-319600.24203416746
819,-105.34459953601194
1489,-448490.6941301317
3216,-232810.0591507939
232,-93340.773430633
265,-136888.51621347643
1188,-79955.92169099646
1262,-8178.1267169983985
1531,-305652.4141727363
1636,-229169.40809234613
2110,-278610.9778489466
2647,-124293.10799985346
972,-1969.2477257112994
2150,-297127.8948697604
995,-64045.10465755557
3038,-309046.41419222986
2211,-517037.2607466522
2315,-255860.99596682252
785,-872309.3227699794
1133,-159213.8737130373
1825,-212490.61427827927
1832,-295675.4445205484
1892,-180955.59250738146
2539,-146711.62299291856
2979,-161633.39509476846
4031,-97684.24545778456
1333,-160700.62276340442
3409,-182338.85008482143
493,-49081.926127559695
1611,-99871.9545044531
2849,-115417.07590540133
3331,-22562.97076867718
3988,-20136.319821847985
909,-195784.62659617813
2215,-270098.9840274062
2251,-74745.0248420868
3426,-182409.97798783446
259,-5294.669877508177
347,-190.45648260250596
1194,-168389.9208238535
1273,-126.00837198499833
3470,-25727.373277743493
2000,-307755.25096739753
2889,-311230.7166744098
3695,-332743.9459658596
2412,-22734.86341706779
2952,-24751.01136837443
3977,-312112.2015790269
930,-52105.21223671691
3546,-187971.36165821124
267,-1475.161444720902
1323,-40179.14356788055
1900,-6896.721461891628
2674,-9936.744342008209
987,-581326.7683285193
3492,-465638.5784144349
1507,-245466.3364876903
1919,-154778.91708322908
2645,-587738.4796752214
2187,-283035.89710915356
2633,-290023.391296591
3590,-260258.15191389158
2435,-176793.67791907256
2534,-88607.81502896549
3074,-120638.71411380888
3405,-270066.6734981702
3676,-196264.26566644435
283,-125365.87262478442
572,-374851.7336298436
844,-91950.27763007191
856,-340756.7116034972
1024,-54107.46854483487
1227,-95021.37838720197
1642,-104395.3136244337
2370,-142024.06763386322
2771,-138559.20632630217
3021,-79947.96599520229
3263,-119996.86072651803
3497,-28660.898216203324
3518,-81693.96038198147
4065,-440494.4302017633
3228,-39387.21646184318
3513,-75726.27968853642
296,-38917.98377312489
395,-139347.3770175218
438,-53041.22298008935
882,-33577.72711542834
1150,-13324.277454239103
1218,-88825.23002581291
1383,-59618.40749709602
1462,-19113.92853476696
1801,-95915.81528240364
2200,-179014.44115065585
2800,-106411.8716612716
2870,-7157.4677872816455
2938,-153547.37419266306
3330,-55178.159394817914
3402,-63932.338154771904
3845,-15966.021119392353
4053,-81505.54403906275
340,-92386.41396844866
538,-73940.63219838585
1324,-1977.0238929020322
1551,-11805.429815154224
2518,-53359.34317134731
3557,-9041.599961396229
301,-101228.07942864066
462,-101184.08840364758
644,-205888.26879218212
1790,-126842.86138755827
2144,-180322.96454377088
3391,-124416.76844757382
2046,-266760.4772374128
1671,-48702.729867037415
3120,-266944.58364807756
3251,-22159.784234802293
571,-341030.7493875173
1787,-453200.70244394365
3668,-377312.81583139574
3719,-332283.1105544587
3747,-198681.10160987903
368,-482303.90875643207
739,-669748.4122751866
2616,-185569.95961108475
2709,-132248.8344391284
2736,-42968.23904079727
2983,-32842.082083663016
3577,-32508.697251220015
3893,-582258.2471544128
4090,-399388.84395430516
1660,-174447.33960983966
2567,-81253.57299145126
2899,-140136.3298318408
329,-51728.47314988052
531,-2841.3664096691905
695,-135136.67356996104
903,-267735.3059389079
1515,-17093.773104845528
1672,-34882.43165282999
1958,-48359.519488564816
2230,-32015.862373479486
2824,-253902.77889587352
3298,-85968.02368164968
4087,-11038.330621105048
332,-122117.77426367936
563,-104404.15387183882
1057,-15692.329337987478
1311,-95395.83370005686
1600,-64735.722832604144
2030,-153385.5718481645
2049,-98786.59996703996
2362,-105973.1346905225
3273,-161243.0113149778
3637,-19685.729177020938
484,-57718.829847604386
335,-98942.96938260803
390,-118030.0818926207
581,-124963.71086537532
2796,-65481.27414181801
3641,-46351.6894889955
3690,-39061.35017195447
337,-39316.09880614426
2377,-8104.030728712872
2578,-12618.704720708032
338,-200738.23062971557
920,-91223.53845099595
1008,-110321.47291866835
1101,-113528.00018970908
2406,-118318.545712453
2439,-98887.5855255283
3306,-19819.716402814178
3029,-113189.8674867953
3990,-207315.27486164225
1309,-154406.12750256862
1357,-99375.29756093779
1124,-160997.1278257252
1118,-154456.6914541295
724,-86024.10247390911
1689,-81678.69784273181
1771,-86177.0536310993
418,-562570.2186135462
1059,-407924.21599147824
1356,-101908.58103142427
384,-4349.3526456611335
669,-21152.546065615297
386,-66755.38789599904
1656,-38156.83522560453
4003,-61953.42680966568
679,-135985.53821474346
3817,-90401.28336500957
2753,-128237.24992999494
3600,-160584.68551969892
2107,-162192.60027251483
2649,-320146.09867416276
2019,-14995.423654164842
4057,-33081.85679599556
3799,-30672.830646264858
424,-106359.03512557053
1277,-71454.54371329086
1479,-88251.39179317969
2338,-86572.24048695929
419,-50493.77131855274
1731,-1115.8805452489091
2809,-32649.35197339794
3512,-216906.54265937873
4014,-106637.10692238311
866,-115995.98678949133
2063,-274282.9263292899
428,-1675.0629760461813
1136,-1696.5352804830445
1175,-12668.038367269104
1739,-2935.534558749768
4012,-3349.6500778968084
2656,-230031.8606739975
3468,-134083.28631464127
683,-35875.24766422177
2880,-42946.888681335404
2957,-2249.589733308694
3713,-55154.72581237905
3915,-105041.43237985045
441,-16243.104643156968
2192,-2862.6361678148073
3368,-14054.281965249655
3803,-40719.624225912354
3850,-68148.94095372467
498,-124860.00946246402
3113,-55597.03020280912
445,-2571.692489771476
2074,-2778.977825786963
2680,-2122.3099133811984
549,-11245.608172964514
1142,-3759.4949690531294
457,-8876.964616146799
3616,-1528.0251000182152
1913,-2056.4559664794265
3413,-38936.79703908726
3369,-7018.156929888535
1918,-75147.06153702615
467,2.0043861854791407
1853,2.0043861854791407
469,-76.21138678137008
2892,-10119.735671883982
479,-42539.8728412769
2263,-74176.88885369242
3050,-121500.5132977093
3067,-41556.980301217984
1440,-101459.88135361495
3555,-61864.1010723668
1048,-76674.3994336679
521,-7621.246584335662
3585,-204558.38079297298
2835,-23481.27376650401
3928,-34235.9478294054
593,-20637.50449270975
1510,-46455.05871270713
2026,-3719.598857720454
2898,-2529.0875786962783
568,-7003.550988582733
1328,-60572.56786986938
1522,-25157.419145993983
3054,-65284.89588821669
604,-2322.008763298263
2556,-444.2454053202899
3252,-141820.12829918874
607,-17859.6335978965
1630,-1681.6987921915772
2073,-65565.31003127496
923,-51321.03241635166
1478,-70803.75987981525
2735,-66483.55267071366
2757,-43604.393203072075
702,-31025.191995881978
2961,-53949.02366150087
3996,-25358.22621511754
626,-2809.2314490359067
634,-65152.0371033499
1330,-42852.3975288459
2171,-14199.68964254676
638,-1429.462176387088
2139,-3140.3424560995654
2456,-32232.159807669403
3011,-716.0711164086293
3394,-22631.482550122888
3212,-128560.37069008376
3106,-2996.4425457108673
649,3.585053095513829
1107,-9.552149592890743
1121,21.544212953996606
2399,-57420.91447223233
1953,-24143.34778829239
672,-31.584801893353177
1216,-5.11563445176257
2130,-8804.940172781502
1927,-5202.484678187118
736,4.893660860250687
758,-150.08885256438222
2555,-127797.66110814884
760,-189.4585304998061
3300,-23665.888361225687
3950,-41824.02977086795
3989,-42563.012531183645
1446,-196354.9503607241
3454,-186459.82230939137
799,-1573.2158306015572
2381,-3041.2447675733597
2395,-1830.1309252552892
2694,-580.454874616587
3204,-877.0209259851279
3677,-4002.601763209262
2667,-5466.369483323112
3058,-25.770802885309102
3291,-45243.30970301343
1674,-18999.659686503564
1458,-11290.604061034763
1808,-5476.575051712755
2363,-37496.88179324675
2881,-3266.5826278894924
3100,-14388.483146209946
962,-316.23493624118163
2999,-3348.6134513675597
3322,-1043.6355871607223
2879,-1630.2510902895535
3741,-70.70809624458231
2382,-7744.3969764883095
989,-499.0842966718238
2572,-1005.4841144261309
991,-4097.757586886931
2102,-489.23226258309813
2923,-546.5061721887024
999,-16903.77752239816
1042,-86112.05771501482
1492,-69661.43199054144
1349,-931.1650696517919
1244,-359.63796995238414
1861,-137.53074332289168
1497,-6428.107762061876
1094,1.1783832924942406
1760,-138.59612319910605
1098,2.1706171399480967
3172,2.1706171399480967
2850,40.27757910134696
3847,-54307.14733100619
1145,-16759.19375177975
1146,-14049.479675474047
1148,-30.63316538650697
2174,215.74407795337814
1158,-8134.256776164352
1455,-416.46864598828887
2068,-175.1147809014382
2498,-8093.496212283387
2971,-202.23320375418527
2912,-3195.3648827426205
2580,-29636.235316054106
1376,-15443.40532022179
3802,-174.8028026876994
3869,-168.1616270435798
3188,-39813.60105120781
2220,-5957.416706431959
3855,-7634.975305984862
1697,-30786.08412991985
1627,-16759.20495707478
3323,-14901.034368407105
2084,-3332.102771439233
2182,-3040.755994881952
1945,-2689.3339637787685
2683,-11.420548178130796
2002,-17.43785223581127
2255,-3093.6864813795178
2292,-6.3968939851036986
2817,-32283.445729944437
2829,-59.07871501891549
2330,0.7809129703685187
2928,6.877107276564354
2400,3.8423719113560004
3201,-2519.1461066053325
2591,4.256708038465355
3087,28.008747356869648
3910,-19.014359940005253
3195,-69.73510751586339
3153,1.0012090975868109
3243,26.76308932510912
3894,-19.813327451461987
