node,deg_wsum,ric_forman
0,0.41640543937683105,1.6813437938690186
1,0.48813191056251526,2.0
2,0.6141061782836914,0.6341384649276733
3,0.8411372900009155,2.0
4,1.5532135963439941,-15.211126804351807
5,1.2440639734268188,-0.37383174896240234
6,0.0,0.0
7,0.0,0.0
8,0.0,0.0
9,0.4144989252090454,2.0
10,0.0,0.0
11,0.0,0.0
12,0.0,0.0
13,0.5025569200515747,1.162344217300415
14,0.40092217922210693,-1.356626033782959
15,1.4206327199935913,-0.5607396364212036
16,1.0758094787597656,-15.48313558101654
17,0.5767456293106079,2.0
18,0.45236003398895264,2.0
19,0.0,0.0
20,0.0,0.0
21,0.0,0.0
22,0.0,0.0
23,0.47613319754600525,1.0404176712036133
24,0.4346108138561249,-1.7413520812988281
25,0.0,0.0
26,1.1064107418060303,-2.3760958909988403
27,0.0,0.0
28,0.5104514956474304,0.8385448455810547
29,0.0,0.0
30,1.858755350112915,-23.424440383911133
31,0.0,0.0
32,0.9164913892745972,-2.1004462242126465
33,0.909392237663269,0.5578042268753052
34,0.43039724230766296,2.0
35,0.4051646590232849,2.0
36,0.5265894532203674,2.0
37,0.7478416562080383,2.0
38,0.0,0.0
39,0.0,0.0
40,0.0,0.0
41,0.0,0.0
42,1.3711857795715332,0.32243382930755615
43,3.007995843887329,-116.7770586013794
44,0.0,0.0
45,0.0,0.0
46,0.0,0.0
47,0.9056985378265381,1.0586990118026733
48,1.5583631992340088,-23.874098300933838
49,0.8254761099815369,2.0
50,0.0,0.0
51,0.0,0.0
52,0.0,0.0
53,0.0,0.0
54,0.5903459191322327,2.0
55,0.0,0.0
56,0.0,0.0
57,0.4226195216178894,1.3714499473571777
58,0.425757497549057,1.1660826206207275
59,0.0,0.0
60,0.7034890055656433,0.49330317974090576
61,0.0,0.0
62,0.0,0.0
63,1.4187755584716797,-20.11558508872986
64,0.0,0.0
65,0.0,0.0
66,0.0,0.0
67,0.0,0.0
68,0.5763811469078064,0.6898096799850464
69,0.5804533362388611,2.0
70,0.0,0.0
71,0.0,0.0
72,0.0,0.0
73,1.2853502035140991,0.9268317222595215
74,0.9116484522819519,-1.9403271675109863
75,0.0,0.0
76,0.43477627635002136,2.0
77,0.40649524331092834,1.3433918952941895
78,0.0,0.0
79,0.0,0.0
80,0.0,0.0
81,0.0,0.0
82,0.42409658432006836,2.0
83,3.3045883178710938,-244.78922271728516
84,0.46315109729766846,1.1591203212738037
85,1.7791205644607544,-15.502110004425049
86,0.0,0.0
87,0.0,0.0
88,0.5712109208106995,2.0
89,1.0601191520690918,-15.1808580160141
90,0.0,0.0
91,0.0,0.0
92,0.0,0.0
93,0.0,0.0
94,0.9583923816680908,-1.9961669445037842
95,1.3743575811386108,-0.4488651752471924
96,0.0,0.0
97,0.0,0.0
98,0.6211681365966797,0.6922023296356201
99,0.0,0.0
100,1.7012014389038086,-24.1298508644104
101,0.5694707036018372,-7.027772903442383
102,0.0,0.0
103,1.4305387735366821,-3.535851836204529
104,1.0051249265670776,0.8094795942306519
105,0.0,0.0
106,0.0,0.0
107,0.4859338402748108,1.0673441886901855
108,0.0,0.0
109,1.4346768856048584,-6.013732433319092
110,0.4008561670780182,1.121095895767212
111,0.7792794704437256,2.0
112,0.0,0.0
113,0.0,0.0
114,0.59764164686203,2.0
115,0.0,0.0
116,1.870115876197815,-18.785335540771484
117,0.0,0.0
118,0.4657912254333496,1.4366192817687988
119,0.0,0.0
120,1.1826868057250977,-6.483619928359985
121,0.0,0.0
122,0.6578856706619263,-2.250185251235962
123,0.0,0.0
124,0.0,0.0
125,0.0,0.0
126,1.740057110786438,-15.5084707736969
127,0.5322051048278809,2.0
128,0.5203821063041687,0.9048837423324585
129,0.0,0.0
130,0.5231636166572571,-7.308879852294922
131,0.40846607089042664,2.0
132,1.068026065826416,0.9934885501861572
133,0.7800107002258301,2.0
134,0.0,0.0
135,1.092781901359558,-15.443992972373962
136,0.0,0.0
137,0.9996384382247925,-7.779280185699463
138,0.0,0.0
139,0.8134930729866028,2.0
140,0.9874765872955322,1.3916757106781006
141,1.356597661972046,-28.221556663513184
142,1.174072027206421,-5.972514629364014
143,1.3531253337860107,-3.1785874366760254
144,0.5948934555053711,2.0
145,1.6954889297485352,-18.294060230255127
146,0.0,0.0
147,1.3170256614685059,-3.540099263191223
148,0.4461384415626526,2.0
149,0.0,0.0
150,0.6002580523490906,0.6861895322799683
151,1.2446411848068237,-8.184236764907837
152,0.0,0.0
153,0.0,0.0
154,0.0,0.0
155,1.1747702360153198,-11.372003555297852
156,0.8742547631263733,-1.9828383922576904
157,0.0,0.0
158,0.0,0.0
159,1.1407485008239746,2.0040239095687866
160,0.0,0.0
161,0.0,0.0
162,0.0,0.0
163,0.0,0.0
164,0.43419286608695984,2.0
165,0.0,0.0
166,0.44963252544403076,2.0
167,0.0,0.0
168,0.0,0.0
169,0.0,0.0
170,0.0,0.0
171,0.8811043500900269,-1.8943214416503906
172,1.216235876083374,-0.43967199325561523
173,1.1256530284881592,-0.3472108840942383
174,0.0,0.0
175,0.8044801354408264,2.0
176,0.0,0.0
177,0.6050870418548584,2.0
178,0.5644198060035706,2.0
179,0.412640780210495,1.6248855590820312
180,0.5268605351448059,0.8257459402084351
181,0.0,0.0
182,0.4724595248699188,2.0
183,0.0,0.0
184,0.47501155734062195,2.0
185,0.0,0.0
186,0.4206078350543976,1.1138026714324951
187,0.0,0.0
188,0.9616717100143433,-8.045318365097046
189,0.0,0.0
190,0.5469338893890381,2.0
191,0.0,0.0
192,0.0,0.0
193,0.0,0.0
194,0.0,0.0
195,0.0,0.0
196,0.0,0.0
197,0.8638337254524231,0.44531142711639404
198,0.0,0.0
199,0.0,0.0
200,0.0,0.0
201,0.0,0.0
202,0.0,0.0
203,0.0,0.0
204,0.5712109208106995,2.0
205,1.1216576099395752,0.7480186223983765
206,0.0,0.0
207,0.4189741611480713,-1.8980181217193604
208,0.984154462814331,2.0
209,0.0,0.0
210,0.0,0.0
211,0.5746757388114929,2.0
212,2.775442600250244,-79.44795799255371
213,0.0,0.0
214,0.0,0.0
215,0.0,0.0
216,0.0,0.0
217,0.0,0.0
218,0.0,0.0
219,0.0,0.0
220,0.0,0.0
221,0.0,0.0
222,0.0,0.0
223,0.0,0.0
224,0.5815966129302979,2.0
225,0.46554306149482727,2.0
226,0.0,0.0
227,0.0,0.0
228,0.0,0.0
229,0.0,0.0
230,0.8524760007858276,1.1469718217849731
231,0.0,0.0
232,0.0,0.0
233,0.5695357918739319,0.8253546953201294
234,0.0,0.0
235,0.4864988327026367,-1.9225165843963623
236,0.0,0.0
237,0.0,0.0
238,0.0,0.0
239,0.8411372900009155,2.0
240,0.0,0.0
241,0.4841047525405884,0.8291723728179932
242,0.0,0.0
243,0.9237746596336365,1.1341255903244019
244,0.0,0.0
245,0.8254761099815369,2.0
246,0.0,0.0
247,0.7125956416130066,2.0
248,0.48592865467071533,1.2304885387420654
249,0.5202127695083618,2.0
250,0.4609496593475342,0.9981098175048828
251,1.4683189392089844,-11.002536058425903
252,0.0,0.0
253,0.7849201560020447,0.6198614835739136
254,0.5914747714996338,0.6869419813156128
255,0.0,0.0
256,0.0,0.0
257,0.0,0.0
258,0.0,0.0
259,0.0,0.0
260,0.40415671467781067,2.0
261,0.0,0.0
262,0.0,0.0
263,0.0,0.0
264,0.0,0.0
265,0.0,0.0
266,1.0040723085403442,-0.11814308166503906
267,0.0,0.0
268,0.4102225601673126,1.7636699676513672
269,0.5640266537666321,2.0
270,0.0,0.0
271,1.5303174257278442,-16.282773971557617
272,1.5633007287979126,-3.5154889822006226
273,2.2579214572906494,-23.41913890838623
274,0.4104716181755066,1.0669176578521729
275,0.4166182279586792,1.3022491931915283
276,1.0142004489898682,1.0106650590896606
277,0.0,0.0
278,0.0,0.0
279,0.626617968082428,2.0
280,0.0,0.0
281,0.4468960762023926,0.9593355655670166
282,0.5035802721977234,2.0
283,0.0,0.0
284,0.0,0.0
285,0.566292405128479,2.0
286,0.0,0.0
287,0.95169997215271,2.0000462532043457
288,0.6865313053131104,2.0
289,0.0,0.0
290,0.0,0.0
291,0.0,0.0
292,1.0700998306274414,0.8709409236907959
293,0.4696160852909088,2.0
294,1.4967575073242188,-20.166071891784668
295,0.6993784308433533,0.5200119018554688
296,0.0,0.0
297,0.46875321865081787,-1.8326408863067627
298,0.5678839087486267,-2.200953722000122
299,0.0,0.0
300,1.251778244972229,0.7612093687057495
301,0.0,0.0
302,0.0,0.0
303,0.0,0.0
304,0.4937862455844879,2.0
305,0.8542592525482178,2.0035176277160645
306,0.41278040409088135,1.1195487976074219
307,0.40352630615234375,2.0
308,0.0,0.0
309,1.9486067295074463,-44.54660224914551
310,0.6182827949523926,2.0
311,0.0,0.0
312,0.6720827221870422,0.5908505916595459
313,0.0,0.0
314,0.0,0.0
315,3.0288054943084717,-71.5042896270752
316,0.0,0.0
317,1.1865030527114868,-15.303788423538208
318,2.164689302444458,-39.82404899597168
319,0.0,0.0
320,1.3803972005844116,1.6385722160339355
321,0.0,0.0
322,0.5007925629615784,2.0
323,0.520944356918335,2.0
324,0.0,0.0
325,1.3292850255966187,0.6735527515411377
326,0.0,0.0
327,0.4977284073829651,2.0
328,0.0,0.0
329,0.0,0.0
330,0.5320031046867371,2.0
331,1.3092175722122192,-16.598484754562378
332,0.0,0.0
333,0.0,0.0
334,0.0,0.0
335,0.0,0.0
336,0.0,0.0
337,0.0,0.0
338,0.0,0.0
339,0.0,0.0
340,0.0,0.0
341,0.9646098613739014,1.3310953378677368
342,0.0,0.0
343,0.7848476767539978,2.0
344,0.0,0.0
345,0.0,0.0
346,1.1582343578338623,-16.000064849853516
347,0.0,0.0
348,0.0,0.0
349,0.0,0.0
350,0.0,0.0
351,0.0,0.0
352,0.0,0.0
353,0.42391884326934814,2.0
354,0.0,0.0
355,0.0,0.0
356,0.5244395732879639,0.9670331478118896
357,0.0,0.0
358,0.0,0.0
359,0.0,0.0
360,0.43394601345062256,-1.96925950050354
361,0.8173196315765381,2.0
362,0.5804533362388611,2.0
363,0.0,0.0
364,0.40349340438842773,2.0
365,1.0860614776611328,-10.756266355514526
366,1.138380765914917,-8.179778456687927
367,0.6661399006843567,2.0
368,0.0,0.0
369,0.5560654997825623,0.9427467584609985
370,0.0,0.0
371,0.9627174139022827,0.13365530967712402
372,0.6737479567527771,0.5513794422149658
373,1.7832412719726562,-20.674724578857422
374,1.3582549095153809,2.0000059604644775
375,0.40127095580101013,1.110257625579834
376,0.0,0.0
377,1.1562750339508057,-6.275493860244751
378,0.0,0.0
379,1.0245065689086914,0.4930696487426758
380,0.403462290763855,2.0
381,2.150200366973877,-59.15920829772949
382,0.0,0.0
383,2.58109450340271,-98.63397026062012
384,0.0,0.0
385,0.0,0.0
386,0.5457276701927185,2.0
387,0.0,0.0
388,0.0,0.0
389,1.2270058393478394,-3.0384368896484375
390,0.0,0.0
391,0.0,0.0
392,1.090144395828247,-7.002429723739624
393,0.0,0.0
394,0.0,0.0
395,0.0,0.0
396,0.5029200911521912,-2.047201156616211
397,1.1747499704360962,-1.8774257898330688
398,0.0,0.0
399,0.0,0.0
400,1.1650651693344116,-1.7628215551376343
401,0.0,0.0
402,0.9424590468406677,1.0320614576339722
403,0.8856621980667114,-7.899368524551392
404,0.4709261953830719,1.5269644260406494
405,0.0,0.0
406,0.0,0.0
407,0.40550291538238525,2.0
408,0.0,0.0
409,0.0,0.0
410,0.0,0.0
411,0.0,0.0
412,0.0,0.0
413,1.1031266450881958,2.1200504302978516
414,2.0514566898345947,-49.39494609832764
415,1.5075790882110596,-20.47181248664856
416,0.0,0.0
417,0.0,0.0
418,0.7517221570014954,2.0
419,0.0,0.0
420,0.0,0.0
421,0.5609724521636963,0.7451812028884888
422,0.6979485154151917,0.7081470489501953
423,0.9926313161849976,-3.023831009864807
424,0.0,0.0
425,0.0,0.0
426,0.0,0.0
427,0.0,0.0
428,0.0,0.0
429,1.3497220277786255,-0.2954537868499756
430,0.0,0.0
431,0.0,0.0
432,0.0,0.0
433,0.0,0.0
434,0.0,0.0
435,0.0,0.0
436,1.5706026554107666,-11.377225160598755
437,0.0,0.0
438,0.0,0.0
439,0.5205070972442627,0.9850854873657227
440,1.0295875072479248,-6.302633762359619
441,0.0,0.0
442,0.0,0.0
443,0.0,0.0
444,0.0,0.0
445,0.0,0.0
446,0.0,0.0
447,0.9279248714447021,-1.977062463760376
448,0.0,0.0
449,0.0,0.0
450,0.0,0.0
451,0.0,0.0
452,0.8688642382621765,2.0061872005462646
453,0.0,0.0
454,1.2158458232879639,-8.392322897911072
455,0.5662780404090881,0.6811643838882446
456,0.0,0.0
457,0.0,0.0
458,1.145728349685669,-11.236468315124512
459,0.0,0.0
460,0.7279477715492249,2.0
461,0.0,0.0
462,0.0,0.0
463,0.0,0.0
464,0.46042588353157043,1.4364793300628662
465,0.0,0.0
466,0.8600952625274658,2.0
467,0.0,0.0
468,0.0,0.0
469,0.0,0.0
470,0.49971136450767517,2.0
471,1.220484733581543,-2.3751068115234375
472,0.42104557156562805,-2.016361713409424
473,0.811371922492981,2.0
474,0.9213912487030029,2.0158512592315674
475,0.0,0.0
476,0.5287659168243408,2.0
477,0.41223543882369995,2.0
478,0.4450228810310364,0.917827844619751
479,0.0,0.0
480,0.0,0.0
481,0.5614571571350098,2.0
482,0.0,0.0
483,0.0,0.0
484,0.0,0.0
485,0.44765928387641907,2.0
486,1.517491102218628,-6.005870342254639
487,0.0,0.0
488,0.0,0.0
489,2.284052848815918,-44.29669952392578
490,0.0,0.0
491,0.0,0.0
492,0.0,0.0
493,0.0,0.0
494,0.8666445016860962,0.9964257478713989
495,0.7685887813568115,0.4592231512069702
496,0.0,0.0
497,0.0,0.0
498,0.0,0.0
499,0.508628249168396,1.281444787979126
500,0.0,0.0
501,0.0,0.0
502,0.7517221570014954,2.0
503,0.5185630321502686,2.0
504,0.0,0.0
505,0.0,0.0
506,0.0,0.0
507,1.0298736095428467,2.006153106689453
508,1.5777654647827148,-56.72531700134277
509,0.5362427234649658,2.0
510,0.0,0.0
511,0.7499661445617676,2.0
512,0.5341939330101013,2.0
513,0.4772004783153534,2.0
514,0.0,0.0
515,2.5264856815338135,-151.59087753295898
516,0.548008143901825,2.0
517,0.0,0.0
518,0.0,0.0
519,0.0,0.0
520,0.0,0.0
521,0.0,0.0
522,0.0,0.0
523,0.0,0.0
524,0.0,0.0
525,0.0,0.0
526,0.7342708110809326,0.5693823099136353
527,1.1621090173721313,-2.569608449935913
528,0.6473522782325745,2.0
529,0.0,0.0
530,0.0,0.0
531,0.0,0.0
532,1.2418304681777954,2.1943798065185547
533,1.6630234718322754,-52.2756929397583
534,0.9850527048110962,-16.296588897705078
535,0.0,0.0
536,0.9932931661605835,-2.8723355531692505
537,0.0,0.0
538,0.0,0.0
539,0.0,0.0
540,0.0,0.0
541,0.0,0.0
542,0.0,0.0
543,0.0,0.0
544,0.5575500726699829,0.8341892957687378
545,0.0,0.0
546,0.0,0.0
547,1.035301685333252,-8.08529007434845
548,0.40049198269844055,2.0
549,0.0,0.0
550,0.4011079967021942,-1.5874199867248535
551,0.0,0.0
552,0.5903717875480652,2.0
553,0.0,0.0
554,1.5627635717391968,-57.61187744140625
555,1.893071174621582,-27.181838989257812
556,0.0,0.0
557,0.0,0.0
558,0.0,0.0
559,0.0,0.0
560,0.0,0.0
561,0.0,0.0
562,0.0,0.0
563,0.0,0.0
564,0.4977284073829651,2.0
565,0.0,0.0
566,0.5492838621139526,2.0
567,0.0,0.0
568,0.0,0.0
569,0.0,0.0
570,0.0,0.0
571,0.48142990469932556,1.0624041557312012
572,0.0,0.0
573,0.0,0.0
574,0.0,0.0
575,1.3849502801895142,-7.931492567062378
576,0.5202127695083618,2.0
577,0.0,0.0
578,0.0,0.0
579,0.0,0.0
580,1.209150791168213,1.1595923900604248
581,0.0,0.0
582,0.9436051845550537,0.04033863544464111
583,1.9723702669143677,-8.220662355422974
584,0.40704500675201416,-7.304096221923828
585,0.47966280579566956,1.1439404487609863
586,0.0,0.0
587,0.0,0.0
588,0.0,0.0
589,0.0,0.0
590,0.0,0.0
591,0.0,0.0
592,0.0,0.0
593,0.0,0.0
594,0.0,0.0
595,0.0,0.0
596,2.641359329223633,-106.19344520568848
597,0.0,0.0
598,0.40086501836776733,1.9012398719787598
599,0.9025833606719971,0.8491817712783813
600,0.0,0.0
601,0.878351628780365,-7.89950430393219
602,1.0216329097747803,-18.133246421813965
603,1.2503790855407715,-1.6977695226669312
604,0.0,0.0
605,0.488372802734375,2.0
606,0.0,0.0
607,0.0,0.0
608,0.0,0.0
609,1.3758435249328613,-3.1754120588302612
610,1.3184267282485962,-8.12998628616333
611,0.48164209723472595,0.8417232036590576
612,0.5196579098701477,0.8382459878921509
613,0.0,0.0
614,0.0,0.0
615,0.0,0.0
616,0.0,0.0
617,0.0,0.0
618,1.0306755304336548,2.009642004966736
619,0.0,0.0
620,0.0,0.0
621,0.0,0.0
622,0.40963107347488403,1.5550308227539062
623,1.0092098712921143,-19.27422285079956
624,0.0,0.0
625,0.0,0.0
626,0.0,0.0
627,0.4074164032936096,1.2058634757995605
628,0.9088519215583801,-31.038637161254883
629,0.0,0.0
630,0.0,0.0
631,0.0,0.0
632,0.0,0.0
633,0.9572616815567017,1.3208597898483276
634,0.0,0.0
635,0.43477627635002136,2.0
636,0.9803540706634521,-7.003875136375427
637,1.7635350227355957,-20.895106315612793
638,0.0,0.0
639,0.0,0.0
640,0.4498688578605652,-2.0633363723754883
641,0.0,0.0
642,1.395813226699829,-8.054285287857056
643,0.7437888979911804,0.5806921720504761
644,0.0,0.0
645,0.5312318801879883,0.9549857378005981
646,0.0,0.0
647,1.7943193912506104,-32.949533462524414
648,1.9599555730819702,-27.59321403503418
649,0.0,0.0
650,0.8666208982467651,0.7553074359893799
651,0.0,0.0
652,0.8375422954559326,2.0
653,0.0,0.0
654,0.0,0.0
655,0.4983314573764801,0.8897902965545654
656,0.42962321639060974,2.0
657,0.0,0.0
658,2.3614542484283447,-60.295413970947266
659,0.0,0.0
660,0.0,0.0
661,0.0,0.0
662,1.661372184753418,-12.295094013214111
663,0.0,0.0
664,0.4414663016796112,2.0
665,1.9328861236572266,-70.83899784088135
666,0.4148899018764496,1.1856632232666016
667,0.8858605623245239,-11.011692523956299
668,0.0,0.0
669,0.0,0.0
670,0.0,0.0
671,0.4463094472885132,2.0
672,0.0,0.0
673,0.4774072468280792,0.9216122627258301
674,0.0,0.0
675,0.0,0.0
676,0.0,0.0
677,1.0132884979248047,0.7199549674987793
678,0.40043628215789795,-1.6005635261535645
679,0.0,0.0
680,1.2979459762573242,-10.932300567626953
681,0.0,0.0
682,0.0,0.0
683,0.0,0.0
684,0.0,0.0
685,1.0381734371185303,1.2254267930984497
686,0.7800370454788208,2.0
687,0.41988304257392883,1.1865053176879883
688,0.0,0.0
689,0.0,0.0
690,0.5585149526596069,2.0
691,0.0,0.0
692,0.0,0.0
693,0.0,0.0
694,0.0,0.0
695,0.0,0.0
696,0.4787338674068451,1.1867408752441406
697,0.0,0.0
698,0.0,0.0
699,1.2198686599731445,-0.5739023685455322
700,0.0,0.0
701,0.0,0.0
702,0.0,0.0
703,0.0,0.0
704,0.0,0.0
705,0.4581333100795746,0.9117552042007446
706,0.0,0.0
707,1.668794870376587,-0.00576472282409668
708,0.5362427234649658,2.0
709,0.0,0.0
710,0.0,0.0
711,1.8016984462738037,-11.23990774154663
712,0.0,0.0
713,0.7385892868041992,2.0
714,0.43296852707862854,2.0
715,0.0,0.0
716,1.0156309604644775,0.9002053737640381
717,0.4414304196834564,0.907549262046814
718,0.40049198269844055,2.0
719,0.0,0.0
720,0.0,0.0
721,0.5747325420379639,2.0
722,0.0,0.0
723,0.0,0.0
724,0.0,0.0
725,0.0,0.0
726,0.42888879776000977,1.3712480068206787
727,0.0,0.0
728,1.055877923965454,2.0139225721359253
729,0.5663858652114868,2.0
730,0.0,0.0
731,0.0,0.0
732,0.0,0.0
733,0.6037144064903259,2.0
734,0.0,0.0
735,1.0558539628982544,-13.640527248382568
736,0.0,0.0
737,0.0,0.0
738,0.0,0.0
739,0.0,0.0
740,1.3208562135696411,-11.073939561843872
741,0.0,0.0
742,0.0,0.0
743,0.49232789874076843,1.1071693897247314
744,0.43796733021736145,-1.823981523513794
745,0.5524905323982239,-2.1471645832061768
746,0.0,0.0
747,1.3877408504486084,-3.361637830734253
748,0.0,0.0
749,0.0,0.0
750,1.5252962112426758,-12.643900394439697
751,0.0,0.0
752,0.42680105566978455,2.0
753,1.3286210298538208,-0.15935838222503662
754,2.3055782318115234,-130.90195846557617
755,0.0,0.0
756,0.0,0.0
757,0.832818865776062,-2.816098928451538
758,0.0,0.0
759,0.0,0.0
760,0.0,0.0
761,0.6681543588638306,2.0
762,0.0,0.0
763,0.0,0.0
764,0.0,0.0
765,0.7671452164649963,2.0
766,0.5545368790626526,2.0
767,0.0,0.0
768,0.0,0.0
769,1.0688292980194092,-2.3222146034240723
770,1.0608561038970947,-15.298604607582092
771,0.44231221079826355,-7.057254791259766
772,0.4161882996559143,-1.7911264896392822
773,0.0,0.0
774,0.0,0.0
775,0.7671452164649963,2.0
776,0.42409658432006836,2.0
777,0.0,0.0
778,0.6105750799179077,2.0
779,0.0,0.0
780,0.5930382013320923,0.679161548614502
781,0.4866310656070709,2.0
782,0.8903666734695435,1.0467333793640137
783,0.0,0.0
784,1.4431226253509521,-26.60603976249695
785,0.0,0.0
786,0.0,0.0
787,0.0,0.0
788,1.088383436203003,-6.255670070648193
789,1.0441055297851562,2.0014108419418335
790,0.0,0.0
791,0.464243084192276,1.1458148956298828
792,0.0,0.0
793,0.0,0.0
794,0.0,0.0
795,1.0028831958770752,0.9357393980026245
796,0.49753421545028687,2.0
797,1.6235662698745728,-8.010910272598267
798,0.587421715259552,0.8008975982666016
799,0.0,0.0
800,0.0,0.0
801,1.8163787126541138,-6.629060506820679
802,0.4414663016796112,2.0
803,0.0,0.0
804,0.0,0.0
805,0.4103156328201294,1.11446213722229
806,0.4020366370677948,2.0
807,0.0,0.0
808,0.0,0.0
809,0.9210283756256104,2.000001907348633
810,0.5471829771995544,2.0
811,0.0,0.0
812,0.4640832543373108,1.2062015533447266
813,0.5846339464187622,0.7322070598602295
814,0.4890853762626648,2.0
815,2.837463617324829,-102.65834331512451
816,0.0,0.0
817,0.5210639834403992,2.0
818,0.48582789301872253,0.9655132293701172
819,0.0,0.0
820,0.0,0.0
821,0.0,0.0
822,0.0,0.0
823,0.42089831829071045,2.0
824,1.7525410652160645,-6.985507488250732
825,0.0,0.0
826,1.1838594675064087,2.014757513999939
827,0.0,0.0
828,0.0,0.0
829,0.0,0.0
830,0.6277153491973877,2.0
831,0.0,0.0
832,1.1634472608566284,0.6359374523162842
833,1.258439064025879,-0.6821372509002686
834,0.4810669422149658,0.9240436553955078
835,0.961087703704834,2.0
836,0.0,0.0
837,0.0,0.0
838,0.0,0.0
839,0.0,0.0
840,0.43039724230766296,2.0
841,0.0,0.0
842,0.0,0.0
843,0.0,0.0
844,0.0,0.0
845,0.0,0.0
846,0.0,0.0
847,0.4144989252090454,2.0
848,0.0,0.0
849,0.6661399006843567,2.0
850,0.6425439119338989,0.8351050615310669
851,0.44539034366607666,-24.32726287841797
852,1.285017728805542,0.13015520572662354
853,0.0,0.0
854,0.0,0.0
855,0.4130757451057434,1.0196912288665771
856,0.0,0.0
857,0.5228322148323059,2.0
858,0.0,0.0
859,0.0,0.0
860,1.7425494194030762,-7.80576491355896
861,0.4211924970149994,1.5607311725616455
862,0.5464285016059875,0.898274302482605
863,2.3574318885803223,-39.4183874130249
864,1.8366628885269165,-27.785605907440186
865,0.0,0.0
866,0.0,0.0
867,0.6109301447868347,2.0
868,0.0,0.0
869,0.4458885192871094,2.0
870,1.491896390914917,-11.64677882194519
871,0.0,0.0
872,0.6019890308380127,2.0
873,0.5448213815689087,1.0917925834655762
874,0.5755077004432678,2.0
875,0.4667024314403534,1.1603903770446777
876,0.0,0.0
877,0.9320114850997925,-1.60368812084198
878,0.5548696517944336,2.0
879,0.9569637179374695,-2.768632173538208
880,0.6079469323158264,2.0
881,0.9010258913040161,-0.16218936443328857
882,0.0,0.0
883,0.0,0.0
884,0.0,0.0
885,0.0,0.0
886,0.9420801997184753,2.014124631881714
887,0.0,0.0
888,0.4219001531600952,2.0
889,0.4174671471118927,2.0
890,0.0,0.0
891,0.4842527210712433,-2.018975019454956
892,1.415651798248291,-29.879547595977783
893,0.0,0.0
894,0.0,0.0
895,0.8600952625274658,2.0
896,0.6917226910591125,2.0
897,0.0,0.0
898,0.42739424109458923,1.0929505825042725
899,0.7126618027687073,2.0
900,1.473564624786377,-30.914454460144043
901,0.0,0.0
902,0.0,0.0
903,0.0,0.0
904,0.6150380373001099,0.71443772315979
905,0.4890853762626648,2.0
906,0.7742740511894226,2.0
907,0.0,0.0
908,0.0,0.0
909,0.0,0.0
910,0.40506911277770996,2.0
911,0.0,0.0
912,0.0,0.0
913,0.0,0.0
914,0.580406129360199,1.0541102886199951
915,0.938713550567627,1.22919762134552
916,0.4265734851360321,2.0
917,0.0,0.0
918,0.4374050796031952,1.5586400032043457
919,0.0,0.0
920,0.0,0.0
921,0.0,0.0
922,0.0,0.0
923,0.0,0.0
924,0.0,0.0
925,0.0,0.0
926,0.43586623668670654,2.0
927,1.345832347869873,-2.1255128383636475
928,0.8713623285293579,-8.285667181015015
929,0.0,0.0
930,0.0,0.0
931,0.0,0.0
932,0.0,0.0
933,0.5378418564796448,2.0
934,0.0,0.0
935,0.0,0.0
936,0.0,0.0
937,1.348549723625183,-0.08512759208679199
938,0.0,0.0
939,0.0,0.0
940,0.0,0.0
941,0.0,0.0
942,0.0,0.0
943,0.0,0.0
944,0.0,0.0
945,0.695141077041626,2.0
946,0.0,0.0
947,0.5263821482658386,2.0
948,0.0,0.0
949,0.43310031294822693,1.2763986587524414
950,0.0,0.0
951,0.0,0.0
952,1.2693212032318115,-16.06865358352661
953,0.0,0.0
954,0.4114123284816742,2.0
955,0.0,0.0
956,0.46866926550865173,2.0
957,0.5537906885147095,2.0
958,0.5326274633407593,0.787744402885437
959,0.0,0.0
960,0.0,0.0
961,0.0,0.0
962,0.0,0.0
963,0.6936743855476379,2.0
964,0.4689856171607971,-1.8851072788238525
965,0.5187212824821472,2.0
966,0.6030625104904175,2.0
967,0.0,0.0
968,0.4220117926597595,2.0
969,0.0,0.0
970,1.6261060237884521,-23.30821943283081
971,0.0,0.0
972,0.0,0.0
973,0.0,0.0
974,1.8265907764434814,-17.16270637512207
975,0.0,0.0
976,0.0,0.0
977,0.0,0.0
978,0.0,0.0
979,0.0,0.0
980,0.0,0.0
981,0.6035239696502686,2.0
982,0.0,0.0
983,0.0,0.0
984,0.5755077004432678,2.0
985,1.583229422569275,-34.12459373474121
986,0.0,0.0
987,0.9429398775100708,-2.549198269844055
988,2.6564199924468994,-137.77007675170898
989,0.0,0.0
990,0.4089670777320862,2.0
991,0.0,0.0
992,0.518232524394989,2.0
993,0.0,0.0
994,0.403462290763855,2.0
995,0.0,0.0
996,0.6722776889801025,2.0
997,0.0,0.0
998,0.0,0.0
999,0.0,0.0
1000,0.5225166082382202,-2.05586314201355
1001,0.40874144434928894,1.182570219039917
1002,0.0,0.0
1003,1.9228160381317139,-56.91499996185303
1004,0.6333289742469788,0.5852847099304199
1005,0.0,0.0
1006,0.0,0.0
1007,0.0,0.0
1008,0.0,0.0
1009,0.0,0.0
1010,0.996880292892456,2.0350613594055176
1011,1.1082417964935303,0.2838585376739502
1012,0.41231393814086914,1.573474407196045
1013,0.7759395241737366,2.0
1014,1.445306420326233,-6.787263870239258
1015,0.0,0.0
1016,0.0,0.0
1017,0.0,0.0
1018,0.0,0.0
1019,0.0,0.0
1020,0.0,0.0
1021,1.0334858894348145,-7.909433007240295
1022,0.0,0.0
1023,1.5476534366607666,-9.630937814712524
1024,0.0,0.0
1025,0.4290279150009155,2.0
1026,0.7557135820388794,2.0
1027,0.0,0.0
1028,1.1840977668762207,-3.3367730379104614
1029,0.8461202383041382,-2.7548632621765137
1030,0.0,0.0
1031,0.0,0.0
1032,0.0,0.0
1033,0.0,0.0
1034,1.2135884761810303,2.26829195022583
1035,0.0,0.0
1036,0.45119616389274597,-1.3935227394104004
1037,0.0,0.0
1038,0.47524410486221313,-2.024035692214966
1039,0.0,0.0
1040,0.4472942352294922,2.0
1041,0.9717010855674744,2.000800609588623
1042,0.0,0.0
1043,0.468001127243042,0.9111734628677368
1044,0.0,0.0
1045,0.569482147693634,2.0
1046,0.9801135659217834,-2.50151789188385
1047,0.48643046617507935,1.1141347885131836
1048,0.0,0.0
1049,0.0,0.0
1050,0.0,0.0
1051,0.0,0.0
1052,0.7800107002258301,2.0
1053,0.5212302207946777,2.0
1054,0.0,0.0
1055,0.0,0.0
1056,0.5711597204208374,2.0
1057,0.0,0.0
1058,0.0,0.0
1059,0.0,0.0
1060,0.0,0.0
1061,0.4902998208999634,-14.169801712036133
1062,0.0,0.0
1063,0.0,0.0
1064,2.0309150218963623,-88.5652847290039
1065,0.0,0.0
1066,0.0,0.0
1067,0.0,0.0
1068,0.0,0.0
1069,1.2903470993041992,2.0089783668518066
1070,0.0,0.0
1071,0.0,0.0
1072,0.4553493559360504,0.9942049980163574
1073,0.0,0.0
1074,0.0,0.0
1075,1.7217808961868286,-17.870814323425293
1076,1.1285510063171387,1.5227915048599243
1077,1.5164374113082886,-28.350720405578613
1078,1.5494626760482788,-16.87243676185608
1079,0.5082229375839233,-2.0857155323028564
1080,0.0,0.0
1081,2.208360195159912,-91.64065551757812
1082,0.0,0.0
1083,0.5691372156143188,-2.0663745403289795
1084,0.46972575783729553,2.0
1085,0.0,0.0
1086,0.0,0.0
1087,1.4346344470977783,-14.800716400146484
1088,0.405236154794693,1.1867125034332275
1089,0.0,0.0
1090,0.0,0.0
1091,1.2929015159606934,0.10149157047271729
1092,0.0,0.0
1093,1.5432589054107666,-10.186363935470581
1094,0.0,0.0
1095,1.4481611251831055,-10.93949294090271
1096,0.5471829771995544,2.0
1097,0.6316211819648743,0.7169265747070312
1098,0.0,0.0
1099,0.5007925629615784,2.0
1100,1.0204492807388306,1.2218488454818726
1101,0.0,0.0
1102,0.0,0.0
1103,0.0,0.0
1104,0.6362809538841248,2.0
1105,0.0,0.0
1106,0.495126336812973,2.0
1107,0.0,0.0
1108,0.0,0.0
1109,0.5926157236099243,-2.2257614135742188
1110,0.4779926836490631,2.0
1111,0.0,0.0
1112,1.2761049270629883,0.8887357711791992
1113,0.6396471261978149,2.0
1114,0.0,0.0
1115,0.0,0.0
1116,0.8514312505722046,-16.041174292564392
1117,2.474769353866577,-86.95004844665527
1118,0.0,0.0
1119,0.0,0.0
1120,0.0,0.0
1121,0.0,0.0
1122,0.0,0.0
1123,0.48283347487449646,0.9357191324234009
1124,0.44663241505622864,2.0
1125,0.0,0.0
1126,0.0,0.0
1127,0.0,0.0
1128,0.0,0.0
1129,0.955048143863678,-1.9976670742034912
1130,0.0,0.0
1131,0.0,0.0
1132,2.759237289428711,-142.86870574951172
1133,0.4379163682460785,2.0
1134,0.40442901849746704,2.0
1135,0.0,0.0
1136,0.0,0.0
1137,1.0146284103393555,2.009423851966858
1138,0.0,0.0
1139,0.932864785194397,-2.3417577743530273
1140,0.811371922492981,2.0
1141,1.2807419300079346,-6.70412278175354
1142,0.0,0.0
1143,0.8759711384773254,-1.6098262071609497
1144,0.5560805201530457,0.7064048051834106
1145,0.0,0.0
1146,0.0,0.0
1147,0.0,0.0
1148,0.0,0.0
1149,0.0,0.0
1150,0.0,0.0
1151,0.48813191056251526,2.0
1152,0.4114123284816742,2.0
1153,1.2608792781829834,-0.1074141263961792
1154,0.0,0.0
1155,2.060673713684082,-39.55375099182129
1156,0.0,0.0
1157,0.0,0.0
1158,0.0,0.0
1159,0.7800370454788208,2.0
1160,0.4099862277507782,1.0231986045837402
1161,0.9864342212677002,-2.4084068536758423
1162,0.0,0.0
1163,0.0,0.0
1164,0.0,0.0
1165,0.0,0.0
1166,0.6681543588638306,2.0
1167,0.47698819637298584,-7.146544456481934
1168,0.46196144819259644,2.0
1169,0.0,0.0
1170,0.0,0.0
1171,0.4435429573059082,1.2901601791381836
1172,1.5907366275787354,-3.7567451000213623
1173,0.0,0.0
1174,0.43906018137931824,-2.025205612182617
1175,0.0,0.0
1176,0.0,0.0
1177,0.0,0.0
1178,0.6293163895606995,2.0
1179,0.4993302524089813,0.7939232587814331
1180,0.4448716342449188,-1.8166770935058594
1181,1.0002446174621582,1.175765037536621
1182,0.0,0.0
1183,0.0,0.0
1184,0.0,0.0
1185,0.0,0.0
1186,0.0,0.0
1187,0.9972817897796631,0.1011584997177124
1188,0.0,0.0
1189,1.2887943983078003,2.0742087364196777
1190,0.0,0.0
1191,0.0,0.0
1192,1.5772349834442139,-20.175305128097534
1193,1.1040741205215454,-19.614931106567383
1194,0.0,0.0
1195,1.231696605682373,0.32677173614501953
1196,3.594768524169922,-203.16065406799316
1197,0.45357632637023926,2.0
1198,0.5317913889884949,-2.0944344997406006
1199,2.1772170066833496,-12.367234945297241
1200,1.3932342529296875,-3.0357775688171387
1201,0.0,0.0
1202,0.0,0.0
1203,0.4465962052345276,-1.5500645637512207
1204,0.0,0.0
1205,1.288347601890564,-3.0703065395355225
1206,0.0,0.0
1207,0.0,0.0
1208,0.43991512060165405,1.3087143898010254
1209,0.47536468505859375,2.0
1210,0.0,0.0
1211,0.0,0.0
1212,0.4725925326347351,1.1422405242919922
1213,0.9930649995803833,2.033318042755127
1214,1.1550140380859375,0.9422053098678589
1215,0.0,0.0
1216,0.0,0.0
1217,1.0642778873443604,-2.074155569076538
1218,0.0,0.0
1219,0.7755393981933594,2.0
1220,0.0,0.0
1221,0.0,0.0
1222,1.6585001945495605,-8.344381093978882
1223,0.6488968133926392,2.0
1224,0.0,0.0
1225,0.0,0.0
1226,0.0,0.0
1227,0.0,0.0
1228,0.6495527625083923,0.6916168928146362
1229,0.0,0.0
1230,0.0,0.0
1231,1.3167120218276978,-14.027074813842773
1232,0.45964035391807556,2.0
1233,1.2276551723480225,-14.715385794639587
1234,0.4817063808441162,0.9336761236190796
1235,0.0,0.0
1236,1.1165211200714111,-7.00264847278595
1237,0.5212302207946777,2.0
1238,1.401531457901001,-3.4531338214874268
1239,0.48818597197532654,2.0
1240,0.0,0.0
1241,0.0,0.0
1242,0.452801376581192,2.0
1243,0.7151241302490234,2.0
1244,0.0,0.0
1245,0.0,0.0
1246,1.0353010892868042,-15.04048478603363
1247,0.0,0.0
1248,0.5469434857368469,2.0
1249,0.0,0.0
1250,0.47356125712394714,1.0096428394317627
1251,0.0,0.0
1252,1.7083278894424438,-19.44240713119507
1253,0.0,0.0
1254,0.0,0.0
1255,0.50209641456604,2.0
1256,1.342118263244629,-7.660305023193359
1257,0.0,0.0
1258,0.5722533464431763,2.0
1259,0.40214264392852783,1.2693290710449219
1260,0.0,0.0
1261,0.0,0.0
1262,0.0,0.0
1263,0.0,0.0
1264,0.0,0.0
1265,0.0,0.0
1266,3.0606279373168945,-194.0275936126709
1267,0.0,0.0
1268,0.4570395052433014,-1.947920799255371
1269,0.0,0.0
1270,0.0,0.0
1271,0.0,0.0
1272,0.4068077802658081,2.0
1273,0.0,0.0
1274,2.833500862121582,-164.23880195617676
1275,0.0,0.0
1276,0.0,0.0
1277,0.0,0.0
1278,0.0,0.0
1279,0.0,0.0
1280,0.547277569770813,2.0
1281,0.4043620526790619,1.3716528415679932
1282,1.4500906467437744,-3.476900577545166
1283,0.0,0.0
1284,0.0,0.0
1285,0.0,0.0
1286,0.0,0.0
1287,0.0,0.0
1288,0.46866926550865173,2.0
1289,0.0,0.0
1290,1.312415599822998,-3.3212530612945557
1291,0.0,0.0
1292,0.0,0.0
1293,0.43994566798210144,2.0
1294,1.3773503303527832,-10.854470014572144
1295,0.495126336812973,2.0
1296,0.5437526702880859,2.0
1297,0.0,0.0
1298,0.5846951007843018,2.0
1299,0.0,0.0
1300,1.5702509880065918,-3.7646942138671875
1301,0.5342257022857666,0.8640710115432739
1302,0.0,0.0
1303,1.0134074687957764,1.0504287481307983
1304,0.44546666741371155,2.0
1305,0.6687114834785461,0.7317303419113159
1306,0.5229503512382507,2.0
1307,0.4173241853713989,1.2172930240631104
1308,0.6516314744949341,2.0
1309,0.0,0.0
1310,0.0,0.0
1311,0.0,0.0
1312,0.0,0.0
1313,0.0,0.0
1314,0.4703291654586792,1.293508529663086
1315,0.8173196315765381,2.0
1316,0.0,0.0
1317,1.0895644426345825,-18.113393545150757
1318,0.41452038288116455,2.0
1319,0.9165267944335938,0.5229861736297607
1320,0.4472942352294922,2.0
1321,0.0,0.0
1322,0.5942214727401733,0.7102624177932739
1323,0.0,0.0
1324,0.0,0.0
1325,0.0,0.0
1326,0.0,0.0
1327,0.47536468505859375,2.0
1328,0.0,0.0
1329,1.088526964187622,0.9129084348678589
1330,0.4222843647003174,2.0
1331,0.0,0.0
1332,0.8659111261367798,0.08367359638214111
1333,0.0,0.0
1334,0.0,0.0
1335,1.0826983451843262,-0.5018800497055054
1336,0.0,0.0
1337,0.0,0.0
1338,0.4840812385082245,1.1742627620697021
1339,0.5109748840332031,2.0
1340,1.0803269147872925,0.2765030860900879
1341,0.0,0.0
1342,0.0,0.0
1343,0.0,0.0
1344,0.0,0.0
1345,0.0,0.0
1346,1.1392154693603516,-2.303053140640259
1347,1.2673455476760864,-9.641916990280151
1348,0.0,0.0
1349,0.0,0.0
1350,0.7440128922462463,2.0
1351,1.5766600370407104,-7.615443468093872
1352,0.0,0.0
1353,0.0,0.0
1354,0.4698306620121002,2.0
1355,0.5142366886138916,0.8619563579559326
1356,0.0,0.0
1357,0.0,0.0
1358,0.0,0.0
1359,0.0,0.0
1360,0.0,0.0
1361,0.6642269492149353,-2.2602381706237793
1362,0.0,0.0
1363,0.9275180101394653,-11.465422868728638
1364,0.0,0.0
1365,0.0,0.0
1366,0.5005576014518738,2.0
1367,0.0,0.0
1368,1.5707893371582031,-0.7232468128204346
1369,0.0,0.0
1370,0.0,0.0
1371,1.066933512687683,-0.39052772521972656
1372,1.797079086303711,-40.35537147521973
1373,0.9589301347732544,-14.945494055747986
1374,0.0,0.0
1375,1.349475383758545,-6.653788089752197
1376,0.0,0.0
1377,0.0,0.0
1378,0.44523996114730835,2.0
1379,0.0,0.0
1380,0.4265734851360321,2.0
1381,1.8108153343200684,-8.827151536941528
1382,0.5469434857368469,2.0
1383,0.0,0.0
1384,1.0267987251281738,1.1030300855636597
1385,0.48708149790763855,0.84108567237854
1386,0.935206413269043,-2.8781850337982178
1387,0.0,0.0
1388,0.0,0.0
1389,0.0,0.0
1390,0.4462394416332245,2.0
1391,0.0,0.0
1392,0.0,0.0
1393,0.0,0.0
1394,0.0,0.0
1395,1.5418078899383545,-15.10679316520691
1396,0.0,0.0
1397,1.1670646667480469,-16.377507209777832
1398,0.0,0.0
1399,0.43799710273742676,1.7423713207244873
1400,1.3837553262710571,-41.79746150970459
1401,1.0506553649902344,0.8148664236068726
1402,0.0,0.0
1403,0.5996559262275696,2.0
1404,0.5959271788597107,0.9122313261032104
1405,0.0,0.0
1406,0.0,0.0
1407,0.0,0.0
1408,0.0,0.0
1409,0.0,0.0
1410,0.0,0.0
1411,1.8273634910583496,-23.54013442993164
1412,1.1182219982147217,0.8188265562057495
1413,0.0,0.0
1414,0.0,0.0
1415,0.0,0.0
1416,0.558996856212616,0.957588791847229
1417,0.5816023349761963,2.0
1418,0.0,0.0
1419,0.0,0.0
1420,0.0,0.0
1421,0.0,0.0
1422,0.7221159338951111,2.0
1423,2.5726943016052246,-80.23196220397949
1424,0.5747325420379639,2.0
1425,1.451183557510376,-3.8586748838424683
1426,0.0,0.0
1427,0.6050870418548584,2.0
1428,0.0,0.0
1429,0.0,0.0
1430,0.4400830864906311,2.0
1431,1.3951551914215088,-3.0930596590042114
1432,1.0486812591552734,-18.505506992340088
1433,0.7279477715492249,2.0
1434,0.0,0.0
1435,0.734716534614563,2.0
1436,0.4011699855327606,2.1350438594818115
1437,0.9687541127204895,-18.884605169296265
1438,0.0,0.0
1439,0.8127235174179077,0.3670520782470703
1440,0.0,0.0
1441,0.5434431433677673,0.8920183181762695
1442,0.50209641456604,2.0
1443,0.0,0.0
1444,0.0,0.0
1445,0.5027522444725037,2.0
1446,0.0,0.0
1447,0.0,0.0
1448,0.9873100519180298,0.7268553972244263
1449,1.0086288452148438,0.9050784111022949
1450,0.0,0.0
1451,0.0,0.0
1452,0.0,0.0
1453,0.0,0.0
1454,0.0,0.0
1455,0.0,0.0
1456,0.8354340195655823,-7.941208481788635
1457,0.4321911633014679,2.0
1458,0.0,0.0
1459,0.0,0.0
1460,0.0,0.0
1461,0.0,0.0
1462,0.0,0.0
1463,0.5637256503105164,0.7509989738464355
1464,0.0,0.0
1465,0.695141077041626,2.0
1466,0.0,0.0
1467,0.6565011143684387,2.0
1468,0.8745138645172119,2.0000170469284058
1469,0.0,0.0
1470,0.0,0.0
1471,0.0,0.0
1472,1.476085901260376,-14.313618898391724
1473,0.5889425277709961,2.0
1474,0.0,0.0
1475,0.0,0.0
1476,0.8976796269416809,1.4270793199539185
1477,0.48902812600135803,0.9601926803588867
1478,0.5436760187149048,2.0
1479,0.0,0.0
1480,0.0,0.0
1481,0.0,0.0
1482,1.140148401260376,-2.92579448223114
1483,0.0,0.0
1484,0.0,0.0
1485,1.7392317056655884,-18.79630994796753
1486,1.0452609062194824,-11.317410469055176
1487,0.0,0.0
1488,1.2951924800872803,-7.460970878601074
1489,0.0,0.0
1490,0.0,0.0
1491,0.0,0.0
1492,0.0,0.0
1493,0.0,0.0
1494,0.0,0.0
1495,0.0,0.0
1496,1.006138563156128,-5.854578733444214
1497,0.0,0.0
1498,0.7478416562080383,2.0
1499,0.44765928387641907,2.0
1500,0.0,0.0
1501,1.249423861503601,-10.621931791305542
1502,2.1361467838287354,-96.24588680267334
1503,0.6529281735420227,2.0
1504,0.9015979766845703,-6.992896199226379
1505,1.0474531650543213,-16.30302143096924
1506,0.0,0.0
1507,0.44460758566856384,2.0
1508,0.4852483570575714,2.0
1509,0.7480810880661011,2.0
1510,0.0,0.0
1511,0.578019917011261,-2.119903326034546
1512,0.0,0.0
1513,0.7499661445617676,2.0
1514,0.0,0.0
1515,0.0,0.0
1516,0.0,0.0
1517,0.0,0.0
1518,0.0,0.0
1519,0.0,0.0
1520,0.0,0.0
1521,0.0,0.0
1522,0.0,0.0
1523,1.392574667930603,-6.493069648742676
1524,1.3573825359344482,-8.315149307250977
1525,0.0,0.0
1526,0.0,0.0
1527,0.0,0.0
1528,0.7479650974273682,2.0
1529,0.4463094472885132,2.0
1530,0.0,0.0
1531,0.0,0.0
1532,0.0,0.0
1533,0.4269474148750305,2.0
1534,0.0,0.0
1535,0.0,0.0
1536,0.0,0.0
1537,0.7495369911193848,2.0
1538,0.0,0.0
1539,2.254044771194458,-101.94715118408203
1540,0.0,0.0
1541,1.2956931591033936,-9.657242059707642
1542,0.555388867855072,2.0
1543,0.0,0.0
1544,0.6443662047386169,2.0
1545,0.0,0.0
1546,0.0,0.0
1547,0.0,0.0
1548,0.0,0.0
1549,1.0444422960281372,-7.996404647827148
1550,0.0,0.0
1551,0.0,0.0
1552,0.4236582815647125,-1.9012079238891602
1553,0.0,0.0
1554,1.1978073120117188,0.6825636625289917
1555,0.5161710977554321,2.0
1556,0.0,0.0
1557,0.0,0.0
1558,0.0,0.0
1559,0.42448288202285767,2.0
1560,0.0,0.0
1561,0.4452984929084778,2.0
1562,0.453357994556427,-7.562864303588867
1563,1.6381492614746094,-10.495640516281128
1564,0.0,0.0
1565,0.0,0.0
1566,0.0,0.0
1567,0.5941606163978577,2.0
1568,0.0,0.0
1569,0.9433380365371704,-2.025742530822754
1570,1.5107800960540771,-17.167922496795654
1571,0.0,0.0
1572,1.784228801727295,-7.744305849075317
1573,0.9297291040420532,2.0211939811706543
1574,0.0,0.0
1575,0.0,0.0
1576,0.9181536436080933,-7.192685604095459
1577,0.0,0.0
1578,2.4697060585021973,-73.13339042663574
1579,0.40836891531944275,2.0
1580,0.8292763233184814,-7.847839832305908
1581,0.0,0.0
1582,2.168410301208496,-12.375320672988892
1583,0.0,0.0
1584,0.0,0.0
1585,0.0,0.0
1586,0.0,0.0
1587,0.0,0.0
1588,0.0,0.0
1589,0.0,0.0
1590,2.889181137084961,-144.14686012268066
1591,0.48818597197532654,2.0
1592,0.0,0.0
1593,0.0,0.0
1594,0.5413155555725098,1.179652452468872
1595,0.0,0.0
1596,0.944244921207428,-5.856609582901001
1597,0.8646104335784912,0.09222555160522461
1598,0.4168461859226227,-14.308012008666992
1599,0.7040154933929443,0.6280022859573364
1600,0.0,0.0
1601,0.0,0.0
1602,0.4396974742412567,1.3477203845977783
1603,0.0,0.0
1604,0.8947184085845947,-3.1237834692001343
1605,0.5584729313850403,0.7357193231582642
1606,0.8952053785324097,2.0152193307876587
1607,0.0,0.0
1608,0.0,0.0
1609,0.0,0.0
1610,1.0761141777038574,-3.42453932762146
1611,0.0,0.0
1612,0.0,0.0
1613,0.8133776187896729,2.0
1614,0.45526811480522156,2.0
1615,0.0,0.0
1616,0.5395482778549194,0.8525748252868652
1617,1.1076836585998535,-10.92816710472107
1618,0.0,0.0
1619,0.6409434080123901,-7.0379228591918945
1620,0.0,0.0
1621,0.0,0.0
1622,0.40879860520362854,2.0
1623,0.5767456293106079,2.0
1624,0.0,0.0
1625,1.4113733768463135,-0.7401973009109497
1626,1.0332802534103394,2.0001120567321777
1627,0.0,0.0
1628,0.41964516043663025,1.6424837112426758
1629,0.0,0.0
1630,0.0,0.0
1631,0.0,0.0
1632,2.2752702236175537,-83.18040943145752
1633,0.0,0.0
1634,0.0,0.0
1635,1.0497722625732422,-8.127310395240784
1636,0.0,0.0
1637,0.0,0.0
1638,0.0,0.0
1639,0.4257429242134094,2.0
1640,0.0,0.0
1641,0.0,0.0
1642,0.0,0.0
1643,0.0,0.0
1644,0.0,0.0
1645,0.0,0.0
1646,0.0,0.0
1647,0.41404959559440613,-15.494712829589844
1648,0.6865313053131104,2.0
1649,0.4908779561519623,1.210846185684204
1650,0.0,0.0
1651,0.5274090766906738,-2.12164306640625
1652,0.0,0.0
1653,1.098534107208252,2.00545072555542
1654,1.3177152872085571,-0.5196284055709839
1655,0.9249203205108643,2.0126971006393433
1656,0.0,0.0
1657,0.4068639278411865,2.0
1658,0.40349340438842773,2.0
1659,0.0,0.0
1660,0.0,0.0
1661,0.0,0.0
1662,0.5037164092063904,2.0
1663,0.0,0.0
1664,0.4623526632785797,2.0
1665,0.0,0.0
1666,0.4068077802658081,2.0
1667,3.090817928314209,-134.9773654937744
1668,0.40004730224609375,2.0
1669,0.0,0.0
1670,0.0,0.0
1671,0.0,0.0
1672,0.0,0.0
1673,0.0,0.0
1674,0.0,0.0
1675,0.0,0.0
1676,0.0,0.0
1677,0.0,0.0
1678,0.0,0.0
1679,0.5127731561660767,1.015026569366455
1680,0.0,0.0
1681,0.0,0.0
1682,0.0,0.0
1683,0.548008143901825,2.0
1684,2.5876612663269043,-115.09893608093262
1685,0.49134325981140137,0.8723453283309937
1686,0.4121507406234741,1.3327932357788086
1687,0.0,0.0
1688,0.6129007935523987,2.0
1689,0.0,0.0
1690,0.780855119228363,-2.5181033611297607
1691,0.0,0.0
1692,0.4720572531223297,2.0
1693,2.6020917892456055,-39.03259086608887
1694,0.42269933223724365,2.0
1695,0.0,0.0
1696,0.0,0.0
1697,0.0,0.0
1698,0.0,0.0
1699,0.9733579754829407,-10.931828498840332
1700,0.8066703677177429,2.0
1701,0.0,0.0
1702,0.0,0.0
1703,0.0,0.0
1704,0.0,0.0
1705,0.0,0.0
1706,0.0,0.0
1707,0.0,0.0
1708,0.5778920650482178,0.8982117176055908
1709,0.0,0.0
1710,0.0,0.0
1711,0.6060238480567932,-2.211254596710205
1712,0.971038281917572,2.0470077991485596
1713,0.8460643887519836,1.5118184089660645
1714,0.4974013864994049,0.9383183717727661
1715,0.0,0.0
1716,0.0,0.0
1717,0.0,0.0
1718,0.0,0.0
1719,0.0,0.0
1720,0.0,0.0
1721,0.0,0.0
1722,0.0,0.0
1723,0.0,0.0
1724,0.0,0.0
1725,0.5229503512382507,2.0
1726,0.0,0.0
1727,0.0,0.0
1728,0.48197516798973083,2.0
1729,0.5408135056495667,2.0
1730,0.4474852979183197,-1.911849021911621
1731,0.0,0.0
1732,0.0,0.0
1733,0.6079469323158264,2.0
1734,0.0,0.0
1735,0.9807091951370239,0.4295107126235962
1736,0.4089670777320862,2.0
1737,0.566117525100708,0.6858989000320435
1738,0.5075939893722534,1.0460505485534668
1739,0.0,0.0
1740,0.0,0.0
1741,0.5046359300613403,-2.0763392448425293
1742,0.0,0.0
1743,0.42269933223724365,2.0
1744,0.4312041401863098,2.0
1745,0.0,0.0
1746,0.0,0.0
1747,0.0,0.0
1748,0.0,0.0
1749,2.071760892868042,-49.565629959106445
1750,0.0,0.0
1751,0.0,0.0
1752,0.0,0.0
1753,0.0,0.0
1754,0.0,0.0
1755,0.41452038288116455,2.0
1756,0.7475371956825256,2.0
1757,0.5357760190963745,2.0
1758,0.0,0.0
1759,2.316383123397827,-38.99034118652344
1760,0.0,0.0
1761,0.0,0.0
1762,0.0,0.0
1763,0.0,0.0
1764,0.0,0.0
1765,0.0,0.0
1766,1.5518639087677002,-11.453959226608276
1767,0.0,0.0
1768,0.6243469715118408,-2.395942211151123
1769,0.0,0.0
1770,0.6819341778755188,0.559319257736206
1771,0.0,0.0
1772,1.098829746246338,1.109703540802002
1773,0.45789265632629395,0.9182345867156982
1774,0.0,0.0
1775,0.5946845412254333,0.8240175247192383
1776,0.49393486976623535,2.0
1777,0.0,0.0
1778,0.0,0.0
1779,0.5479372143745422,1.3697104454040527
1780,0.0,0.0
1781,0.4043292999267578,2.0
1782,0.0,0.0
1783,0.48389506340026855,-13.756088256835938
1784,0.0,0.0
1785,0.0,0.0
1786,0.9352222681045532,-49.81960105895996
1787,0.48510921001434326,2.0
1788,1.31130051612854,-3.000049591064453
1789,0.0,0.0
1790,0.0,0.0
1791,0.0,0.0
1792,0.0,0.0
1793,0.0,0.0
1794,0.6396471261978149,2.0
1795,0.0,0.0
1796,0.8167174458503723,0.4786374568939209
1797,2.196495532989502,-51.7623405456543
1798,0.889340877532959,2.0158848762512207
1799,0.44963252544403076,2.0
1800,1.3490015268325806,-6.211179733276367
1801,0.0,0.0
1802,0.43419286608695984,2.0
1803,0.0,0.0
1804,0.0,0.0
1805,0.609576940536499,0.7176707983016968
1806,0.0,0.0
1807,0.0,0.0
1808,0.0,0.0
1809,0.44546666741371155,2.0
1810,0.0,0.0
1811,0.0,0.0
1812,0.5230382084846497,1.4276139736175537
1813,0.0,0.0
1814,0.0,0.0
1815,0.5420359373092651,0.8671833276748657
1816,1.0147384405136108,1.2109628915786743
1817,0.46032217144966125,1.1331737041473389
1818,0.46091243624687195,0.8938241004943848
1819,0.0,0.0
1820,0.0,0.0
1821,0.0,0.0
1822,0.4031261205673218,1.5198097229003906
1823,0.5897426009178162,2.0
1824,0.0,0.0
1825,0.0,0.0
1826,0.0,0.0
1827,0.0,0.0
1828,0.0,0.0
1829,0.48159366846084595,2.0
1830,0.0,0.0
1831,0.0,0.0
1832,0.0,0.0
1833,0.0,0.0
1834,0.0,0.0
1835,0.0,0.0
1836,1.5797619819641113,-10.687580347061157
1837,0.9588254690170288,2.0250269174575806
1838,0.7246648073196411,2.0
1839,0.0,0.0
1840,0.0,0.0
1841,0.0,0.0
1842,0.0,0.0
1843,0.0,0.0
1844,0.0,0.0
1845,0.0,0.0
1846,0.0,0.0
1847,0.7792794704437256,2.0
1848,0.0,0.0
1849,0.0,0.0
1850,0.0,0.0
1851,0.0,0.0
1852,0.612225353717804,0.9473147392272949
1853,0.0,0.0
1854,1.4376657009124756,-32.32927656173706
1855,2.1852171421051025,-71.04795742034912
1856,0.0,0.0
1857,0.5161710977554321,2.0
1858,0.0,0.0
1859,0.5401294231414795,0.7423701286315918
1860,0.0,0.0
1861,0.0,0.0
1862,0.4461384415626526,2.0
1863,0.0,0.0
1864,1.5848278999328613,-7.439712047576904
1865,0.0,0.0
1866,0.5027522444725037,2.0
1867,0.0,0.0
1868,0.6472182869911194,2.0
1869,0.0,0.0
1870,1.6973472833633423,-11.48878288269043
1871,0.0,0.0
1872,0.0,0.0
1873,0.5846951007843018,2.0
1874,0.0,0.0
1875,2.3166842460632324,-55.258432388305664
1876,0.0,0.0
1877,0.0,0.0
1878,0.6412437558174133,2.0
1879,0.0,0.0
1880,0.0,0.0
1881,0.44442814588546753,1.1331162452697754
1882,0.0,0.0
1883,0.0,0.0
1884,0.0,0.0
1885,2.0451622009277344,-33.516571044921875
1886,0.0,0.0
1887,1.1174050569534302,0.4056745767593384
1888,0.4498898386955261,0.9657931327819824
1889,0.4724581241607666,2.0
1890,0.0,0.0
1891,0.0,0.0
1892,0.0,0.0
1893,0.8655604124069214,2.0046658515930176
1894,0.43688300251960754,-1.2395224571228027
1895,1.1735939979553223,2.2038512229919434
1896,0.0,0.0
1897,0.5127099752426147,2.0
1898,0.0,0.0
1899,1.460580825805664,-17.413389682769775
1900,0.0,0.0
1901,1.4673793315887451,-10.572455883026123
1902,0.0,0.0
1903,0.9838531017303467,2.0082976818084717
1904,0.0,0.0
1905,0.0,0.0
1906,0.47223642468452454,2.0
1907,0.0,0.0
1908,0.0,0.0
1909,0.0,0.0
1910,0.8791420459747314,0.9839826822280884
1911,0.0,0.0
1912,1.2300533056259155,2.0736260414123535
1913,0.0,0.0
1914,0.0,0.0
1915,0.0,0.0
1916,0.0,0.0
1917,0.5081920623779297,1.0538434982299805
1918,0.0,0.0
1919,0.44663241505622864,2.0
1920,0.8768184185028076,0.675674557685852
1921,0.44867920875549316,0.8985199928283691
1922,0.4383836090564728,0.9352476596832275
1923,0.0,0.0
1924,0.46254366636276245,1.417985200881958
1925,0.0,0.0
1926,0.0,0.0
1927,0.0,0.0
1928,0.7151241302490234,2.0
1929,0.0,0.0
1930,0.0,0.0
1931,0.0,0.0
1932,0.4316287040710449,1.1755797863006592
1933,0.0,0.0
1934,0.0,0.0
1935,1.279400110244751,-0.44679057598114014
1936,0.0,0.0
1937,0.6699726581573486,-2.3273606300354004
1938,0.4533102214336395,2.0
1939,0.547277569770813,2.0
1940,0.0,0.0
1941,0.763371467590332,0.44018125534057617
1942,0.9269325733184814,1.0743685960769653
1943,1.38942289352417,-3.704481601715088
1944,0.48850589990615845,2.0
1945,0.0,0.0
1946,0.5916528701782227,2.0
1947,0.0,0.0
1948,0.0,0.0
1949,0.6722776889801025,2.0
1950,0.0,0.0
1951,0.0,0.0
1952,0.0,0.0
1953,0.0,0.0
1954,0.41667675971984863,2.0
1955,0.4250766634941101,2.0
1956,0.4523112177848816,1.0664145946502686
1957,0.0,0.0
1958,0.0,0.0
1959,0.0,0.0
1960,0.6779483556747437,1.0034754276275635
1961,0.0,0.0
1962,1.5123850107192993,-11.369771242141724
1963,0.5097977519035339,2.0
1964,0.5739749670028687,0.8042886257171631
1965,0.8044801354408264,2.0
1966,0.0,0.0
1967,2.42244029045105,-82.92176628112793
1968,2.7940807342529297,-88.92109680175781
1969,0.0,0.0
1970,0.4724595248699188,2.0
1971,0.0,0.0
1972,0.0,0.0
1973,0.8845242261886597,-1.839777946472168
1974,0.9959145784378052,-3.184390902519226
1975,0.45731237530708313,2.0
1976,0.0,0.0
1977,0.4448001980781555,2.0
1978,0.0,0.0
1979,0.0,0.0
1980,0.0,0.0
1981,0.5481127500534058,2.0
1982,0.0,0.0
1983,1.9058336019515991,-12.105024337768555
1984,0.9589506387710571,2.009764075279236
1985,0.0,0.0
1986,0.0,0.0
1987,0.49071004986763,-2.012519121170044
1988,1.569406270980835,-7.820103883743286
1989,1.1445120573043823,2.119268774986267
1990,0.0,0.0
1991,0.0,0.0
1992,0.0,0.0
1993,0.5210639834403992,2.0
1994,0.0,0.0
1995,0.0,0.0
1996,0.0,0.0
1997,0.0,0.0
1998,1.08958101272583,0.7269273996353149
1999,0.488372802734375,2.0
2000,0.0,0.0
2001,0.0,0.0
2002,0.0,0.0
2003,0.55595463514328,2.0
2004,0.5094172358512878,-14.85777759552002
2005,0.4086620509624481,1.1718294620513916
2006,0.4448001980781555,2.0
2007,0.0,0.0
2008,1.1557905673980713,-0.4998452663421631
2009,0.43358126282691956,2.0
2010,0.0,0.0
2011,0.9515907764434814,-18.442902088165283
2012,0.8859652280807495,-1.8690046072006226
2013,0.45686450600624084,1.4129159450531006
2014,0.0,0.0
2015,0.9397952556610107,0.6242507696151733
2016,1.8470996618270874,-11.693090200424194
2017,2.594712734222412,-85.35452842712402
2018,0.0,0.0
2019,0.0,0.0
2020,0.6035239696502686,2.0
2021,0.43358126282691956,2.0
2022,0.0,0.0
2023,0.43994566798210144,2.0
2024,0.0,0.0
2025,0.0,0.0
2026,0.0,0.0
2027,0.0,0.0
2028,0.0,0.0
2029,0.5759875178337097,-7.263401031494141
2030,0.0,0.0
2031,1.0873863697052002,-2.2522053718566895
2032,0.0,0.0
2033,0.0,0.0
2034,1.934385061264038,-23.677762985229492
2035,0.41454681754112244,1.4992241859436035
2036,0.0,0.0
2037,0.0,0.0
2038,0.0,0.0
2039,0.0,0.0
2040,0.6488968133926392,2.0
2041,0.545619547367096,-1.9365506172180176
2042,0.4119069576263428,1.0990190505981445
2043,0.5706249475479126,2.0
2044,0.40699413418769836,2.0
2045,1.3683853149414062,-8.391137719154358
2046,0.0,0.0
2047,0.0,0.0
2048,0.5243186354637146,2.0
2049,0.0,0.0
2050,0.0,0.0
2051,0.44187256693840027,0.96224045753479
2052,0.0,0.0
2053,0.0,0.0
2054,0.4607282876968384,2.0
2055,0.0,0.0
2056,0.59764164686203,2.0
2057,1.1389949321746826,-5.85678505897522
2058,0.43409106135368347,2.0
2059,1.2213153839111328,2.056846499443054
2060,0.0,0.0
2061,0.0,0.0
2062,2.0820276737213135,-52.22816848754883
2063,0.0,0.0
2064,0.0,0.0
2065,1.6077191829681396,-22.526611328125
2066,2.2107136249542236,-50.145318031311035
2067,0.0,0.0
2068,0.0,0.0
2069,0.520944356918335,2.0
2070,0.45485416054725647,2.0
2071,0.0,0.0
2072,0.0,0.0
2073,0.0,0.0
2074,0.0,0.0
2075,0.0,0.0
2076,0.0,0.0
2077,0.0,0.0
2078,0.44357943534851074,2.0
2079,0.5834313035011292,0.8646078109741211
2080,0.4698306620121002,2.0
2081,0.0,0.0
2082,0.0,0.0
2083,0.5015082359313965,0.8293459415435791
2084,0.0,0.0
2085,0.5771075487136841,-13.53698444366455
2086,0.0,0.0
2087,0.8133776187896729,2.0
2088,1.0443222522735596,-7.00306499004364
2089,0.5322051048278809,2.0
2090,0.0,0.0
2091,0.5588875412940979,0.714214563369751
2092,0.0,0.0
2093,0.0,0.0
2094,1.2314274311065674,-2.579693913459778
2095,0.0,0.0
2096,0.0,0.0
2097,0.44684940576553345,2.0
2098,0.4052495062351227,1.284667730331421
2099,0.0,0.0
2100,0.0,0.0
2101,0.6041555404663086,0.6542724370956421
2102,0.0,0.0
2103,0.630563497543335,-2.3524091243743896
2104,0.7943747043609619,2.0
2105,0.0,0.0
2106,1.579719066619873,-14.160866737365723
2107,0.0,0.0
2108,0.0,0.0
2109,0.0,0.0
2110,0.0,0.0
2111,0.0,0.0
2112,0.0,0.0
2113,0.0,0.0
2114,0.4452984929084778,2.0
2115,0.5049784183502197,-7.050882339477539
2116,0.0,0.0
2117,0.9907174110412598,-6.078971862792969
2118,0.0,0.0
2119,0.41105300188064575,1.2443006038665771
2120,0.5903717875480652,2.0
2121,0.45731237530708313,2.0
2122,1.105802297592163,1.541601538658142
2123,0.0,0.0
2124,1.0110223293304443,0.9715834856033325
2125,1.2276537418365479,1.2453091144561768
2126,0.4367842972278595,1.1707932949066162
2127,0.0,0.0
2128,0.0,0.0
2129,0.9857608079910278,-5.575917720794678
2130,0.0,0.0
2131,0.8340814709663391,-2.411149740219116
2132,0.0,0.0
2133,0.4312041401863098,2.0
2134,0.0,0.0
2135,0.6747029423713684,2.0
2136,0.5387422442436218,2.0
2137,1.6305910348892212,-8.099395275115967
2138,0.0,0.0
2139,0.0,0.0
2140,1.9952263832092285,-48.32692909240723
2141,1.2303826808929443,-11.117779731750488
2142,0.0,0.0
2143,0.0,0.0
2144,0.0,0.0
2145,1.528647541999817,-47.15508556365967
2146,0.0,0.0
2147,0.46504175662994385,-2.013167381286621
2148,1.2852861881256104,-0.24092423915863037
2149,0.0,0.0
2150,0.0,0.0
2151,0.0,0.0
2152,0.0,0.0
2153,0.0,0.0
2154,0.42962321639060974,2.0
2155,0.0,0.0
2156,0.0,0.0
2157,0.0,0.0
2158,0.0,0.0
2159,0.0,0.0
2160,0.47608262300491333,0.8535656929016113
2161,0.0,0.0
2162,0.5492838621139526,2.0
2163,0.452801376581192,2.0
2164,0.0,0.0
2165,0.4049227833747864,2.0
2166,0.46362248063087463,1.4297735691070557
2167,0.0,0.0
2168,0.0,0.0
2169,0.5501108169555664,-7.053796768188477
2170,0.7125956416130066,2.0
2171,0.4222843647003174,2.0
2172,0.0,0.0
2173,0.7246648073196411,2.0
2174,0.0,0.0
2175,0.0,0.0
2176,0.9227374792098999,-6.034931659698486
2177,0.0,0.0
2178,1.2895675897598267,-0.34998512268066406
2179,0.4068061113357544,2.0
2180,0.0,0.0
2181,0.6302140355110168,2.0
2182,0.0,0.0
2183,0.0,0.0
2184,0.566292405128479,2.0
2185,1.5368530750274658,-20.271694660186768
2186,1.9967360496520996,-45.4356632232666
2187,0.0,0.0
2188,0.8854625225067139,2.0
2189,0.5035802721977234,2.0
2190,3.076648235321045,-133.01299476623535
2191,0.0,0.0
2192,0.0,0.0
2193,0.0,0.0
2194,0.4596422612667084,2.0
2195,0.4250766634941101,2.0
2196,0.4330333173274994,-1.7618062496185303
2197,0.49318650364875793,0.868465781211853
2198,0.0,0.0
2199,0.0,0.0
2200,0.0,0.0
2201,0.0,0.0
2202,0.0,0.0
2203,0.0,0.0
2204,0.0,0.0
2205,0.0,0.0
2206,0.5206420421600342,1.107239007949829
2207,1.3439629077911377,-3.3656728267669678
2208,0.5233824849128723,-1.9835259914398193
2209,0.9672762751579285,2.0393478870391846
2210,0.5588233470916748,2.0
2211,0.0,0.0
2212,0.9510843753814697,0.8781354427337646
2213,0.0,0.0
2214,0.0,0.0
2215,0.0,0.0
2216,1.4505162239074707,-6.009871482849121
2217,0.5029124021530151,1.3093464374542236
2218,0.0,0.0
2219,0.42015451192855835,2.0
2220,0.0,0.0
2221,0.8976584672927856,-2.999147891998291
2222,0.0,0.0
2223,0.0,0.0
2224,0.43765729665756226,-1.8478167057037354
2225,0.0,0.0
2226,0.0,0.0
2227,0.0,0.0
2228,0.0,0.0
2229,0.0,0.0
2230,0.0,0.0
2231,0.0,0.0
2232,0.425424724817276,2.0
2233,0.4670097827911377,1.754399061203003
2234,0.8375422954559326,2.0
2235,0.0,0.0
2236,0.0,0.0
2237,0.0,0.0
2238,0.559964656829834,0.7569193840026855
2239,0.0,0.0
2240,2.4560012817382812,-39.6337947845459
2241,0.8735064268112183,-16.25281047821045
2242,0.715032160282135,0.5028795003890991
2243,0.0,0.0
2244,0.0,0.0
2245,0.0,0.0
2246,0.7848476767539978,2.0
2247,0.0,0.0
2248,0.43474724888801575,-1.9987521171569824
2249,1.5912635326385498,-0.05764412879943848
2250,0.0,0.0
2251,0.0,0.0
2252,0.0,0.0
2253,1.4061825275421143,-10.3175528049469
2254,0.0,0.0
2255,0.0,0.0
2256,0.5469338893890381,2.0
2257,0.0,0.0
2258,0.0,0.0
2259,0.0,0.0
2260,1.4988303184509277,-9.57938027381897
2261,1.3719401359558105,-5.995856285095215
2262,0.0,0.0
2263,0.0,0.0
2264,0.8852898478507996,2.0
2265,0.6286896467208862,-2.1431241035461426
2266,1.727425217628479,-14.606931209564209
2267,0.41476351022720337,-15.200714111328125
2268,2.3775057792663574,-23.627745628356934
2269,0.5029761791229248,0.8715449571609497
2270,0.6170100569725037,2.0
2271,0.5306898951530457,2.0
2272,1.3778797388076782,-49.37958240509033
2273,0.9705132246017456,0.7504335641860962
2274,1.0332695245742798,-2.1514737606048584
2275,0.4533102214336395,2.0
2276,0.0,0.0
2277,0.0,0.0
2278,0.9704796075820923,2.0575517416000366
2279,0.8437108993530273,-2.903904914855957
2280,1.8478820323944092,-12.848500490188599
2281,0.5097977519035339,2.0
2282,0.0,0.0
2283,0.0,0.0
2284,0.0,0.0
2285,0.4536725580692291,1.3324916362762451
2286,0.0,0.0
2287,0.0,0.0
2288,0.0,0.0
2289,0.0,0.0
2290,0.0,0.0
2291,0.0,0.0
2292,0.0,0.0
2293,0.5037729144096375,2.0
2294,0.0,0.0
2295,0.0,0.0
2296,0.9343777894973755,-2.7166961431503296
2297,0.0,0.0
2298,0.0,0.0
2299,0.0,0.0
2300,0.42089831829071045,2.0
2301,0.6954257488250732,0.6366769075393677
2302,0.0,0.0
2303,0.6037144064903259,2.0
2304,0.0,0.0
2305,0.454333633184433,1.1474294662475586
2306,0.4790216088294983,2.0
2307,0.9157801866531372,1.0375396013259888
2308,0.0,0.0
2309,1.5027027130126953,-38.54407024383545
2310,0.0,0.0
2311,0.0,0.0
2312,0.0,0.0
2313,0.0,0.0
2314,0.4453597664833069,2.0
2315,0.0,0.0
2316,0.0,0.0
2317,3.0691490173339844,-133.77542114257812
2318,0.48975348472595215,1.047187089920044
2319,0.0,0.0
2320,0.0,0.0
2321,0.0,0.0
2322,2.1278090476989746,-58.6769323348999
2323,1.754166603088379,-47.786495208740234
2324,0.0,0.0
2325,0.0,0.0
2326,0.7373883724212646,2.0
2327,0.41357555985450745,-15.572942733764648
2328,1.150160551071167,0.681664228439331
2329,0.8177123665809631,0.4269636869430542
2330,0.0,0.0
2331,1.2362256050109863,-11.32442569732666
2332,0.5663858652114868,2.0
2333,0.5165854096412659,-2.110178232192993
2334,1.0558857917785645,1.028816819190979
2335,0.7479650974273682,2.0
2336,0.9100568294525146,0.8289815187454224
2337,2.1768670082092285,-32.336721420288086
2338,0.0,0.0
2339,2.9104201793670654,-117.31966209411621
2340,1.5429227352142334,-7.310532331466675
2341,1.1909377574920654,2.1127606630325317
2342,0.0,0.0
2343,0.46554306149482727,2.0
2344,0.0,0.0
2345,0.0,0.0
2346,0.0,0.0
2347,0.4558591842651367,-23.502567291259766
2348,0.0,0.0
2349,0.0,0.0
2350,0.4621255695819855,0.9152823686599731
2351,0.0,0.0
2352,0.0,0.0
2353,0.0,0.0
2354,1.171623945236206,2.0410767793655396
2355,0.47955411672592163,0.9961456060409546
2356,0.5546141266822815,2.0
2357,0.0,0.0
2358,0.0,0.0
2359,0.9615458250045776,-2.896533727645874
2360,2.6830804347991943,-96.53412055969238
2361,0.9925001859664917,0.8595426082611084
2362,0.0,0.0
2363,0.0,0.0
2364,0.0,0.0
2365,0.4585486054420471,0.8917250633239746
2366,0.4212464392185211,-1.9958441257476807
2367,1.5853383541107178,-10.152679681777954
2368,2.1691346168518066,-45.13939571380615
2369,0.5546141266822815,2.0
2370,0.0,0.0
2371,0.0,0.0
2372,1.3210489749908447,-13.598986148834229
2373,0.0,0.0
2374,1.3138535022735596,-13.04024362564087
2375,0.0,0.0
2376,0.4709858000278473,0.9435716867446899
2377,0.0,0.0
2378,0.4257429242134094,2.0
2379,0.49156251549720764,1.289829969406128
2380,0.0,0.0
2381,0.0,0.0
2382,0.0,0.0
2383,0.5455513596534729,2.0
2384,0.46972575783729553,2.0
2385,0.0,0.0
2386,0.0,0.0
2387,0.0,0.0
2388,0.0,0.0
2389,0.0,0.0
2390,1.3658807277679443,-0.43365538120269775
2391,1.2146636247634888,-2.7619608640670776
2392,0.47501155734062195,2.0
2393,0.0,0.0
2394,0.0,0.0
2395,0.0,0.0
2396,0.0,0.0
2397,0.5670346021652222,2.0
2398,0.0,0.0
2399,0.0,0.0
2400,0.0,0.0
2401,0.6019890308380127,2.0
2402,0.5387422442436218,2.0
2403,2.8838818073272705,-71.57081985473633
2404,0.4166548252105713,2.0
2405,0.0,0.0
2406,0.0,0.0
2407,0.0,0.0
2408,0.0,0.0
2409,0.5408135056495667,2.0
2410,0.0,0.0
2411,0.9088347554206848,-11.289640426635742
2412,0.0,0.0
2413,0.4229731857776642,1.3701999187469482
2414,0.0,0.0
2415,0.4400830864906311,2.0
2416,0.0,0.0
2417,1.3264622688293457,-2.89603853225708
2418,0.0,0.0
2419,0.0,0.0
2420,0.45610904693603516,2.0
2421,0.0,0.0
2422,0.8387002348899841,2.0
2423,0.0,0.0
2424,0.5948934555053711,2.0
2425,0.0,0.0
2426,0.5369116067886353,1.1630890369415283
2427,0.41667675971984863,2.0
2428,0.986115038394928,-0.004895448684692383
2429,0.0,0.0
2430,0.0,0.0
2431,0.0,0.0
2432,0.0,0.0
2433,0.0,0.0
2434,0.5560439229011536,2.0
2435,0.0,0.0
2436,0.0,0.0
2437,0.0,0.0
2438,0.0,0.0
2439,0.0,0.0
2440,1.2320470809936523,-3.487143397331238
2441,2.0111708641052246,-34.41907501220703
2442,0.0,0.0
2443,0.0,0.0
2444,0.0,0.0
2445,0.4781174957752228,2.0
2446,0.0,0.0
2447,0.0,0.0
2448,0.43296852707862854,2.0
2449,0.0,0.0
2450,0.0,0.0
2451,0.0,0.0
2452,0.48138588666915894,0.859502911567688
2453,2.062978982925415,-28.90167236328125
2454,1.5913856029510498,-12.359321355819702
2455,0.6412437558174133,2.0
2456,0.0,0.0
2457,0.0,0.0
2458,0.4790216088294983,2.0
2459,2.098951578140259,-8.415531158447266
2460,0.0,0.0
2461,0.0,0.0
2462,0.0,0.0
2463,0.7071069478988647,0.5606287717819214
2464,0.961087703704834,2.0
2465,1.4124066829681396,-0.7814427614212036
2466,0.0,0.0
2467,0.0,0.0
2468,0.5706249475479126,2.0
2469,0.0,0.0
2470,0.5560439229011536,2.0
2471,0.0,0.0
2472,0.6149857044219971,2.0
2473,0.0,0.0
2474,0.5646856427192688,2.0
2475,0.0,0.0
2476,0.4290279150009155,2.0
2477,0.4494817554950714,2.0
2478,0.0,0.0
2479,0.5378418564796448,2.0
2480,0.8672206997871399,-7.141090154647827
2481,0.4696280062198639,0.8881179094314575
2482,0.0,0.0
2483,0.5187212824821472,2.0
2484,0.8758078813552856,0.9858835935592651
2485,1.1344605684280396,2.0363978147506714
2486,0.5005576014518738,2.0
2487,0.0,0.0
2488,1.414232611656189,-20.13957142829895
2489,0.0,0.0
2490,0.46618202328681946,2.0
2491,0.49753421545028687,2.0
2492,1.5704221725463867,-7.71345853805542
2493,0.4442901611328125,0.9714123010635376
2494,0.0,0.0
2495,0.5414943695068359,-7.140510559082031
2496,0.0,0.0
2497,0.8882645964622498,1.0989311933517456
2498,0.0,0.0
2499,0.0,0.0
2500,0.6293163895606995,2.0
2501,0.0,0.0
2502,0.0,0.0
2503,0.0,0.0
2504,0.4623526632785797,2.0
2505,0.0,0.0
2506,0.0,0.0
2507,0.6516314744949341,2.0
2508,0.4864639639854431,0.8326491117477417
2509,0.0,0.0
2510,0.0,0.0
2511,0.0,0.0
2512,0.0,0.0
2513,0.0,0.0
2514,0.9875433444976807,-3.0489388704299927
2515,0.0,0.0
2516,0.4283575713634491,2.0
2517,0.5235309600830078,0.8751239776611328
2518,0.0,0.0
2519,0.7495369911193848,2.0
2520,1.805075764656067,-15.674161434173584
2521,1.4121935367584229,-0.6157374382019043
2522,0.7738536596298218,2.0
2523,0.5722533464431763,2.0
2524,0.0,0.0
2525,0.4068639278411865,2.0
2526,1.0027995109558105,0.5955333709716797
2527,0.4859159588813782,-7.015298843383789
2528,0.4258532226085663,2.0
2529,0.5228322148323059,2.0
2530,0.0,0.0
2531,0.4051646590232849,2.0
2532,0.0,0.0
2533,0.0,0.0
2534,0.0,0.0
2535,0.0,0.0
2536,0.0,0.0
2537,0.0,0.0
2538,0.4635324776172638,-2.0768637657165527
2539,0.4379163682460785,2.0
2540,0.6072258949279785,2.0
2541,0.5966719388961792,0.6725082397460938
2542,1.5171403884887695,-23.08899986743927
2543,0.9189269542694092,-1.7452099323272705
2544,1.2065331935882568,-5.495820045471191
2545,0.0,0.0
2546,0.0,0.0
2547,0.6072258949279785,2.0
2548,0.0,0.0
2549,0.0,0.0
2550,0.0,0.0
2551,2.209606885910034,-72.0489444732666
2552,0.503779411315918,2.0
2553,0.0,0.0
2554,0.4458885192871094,2.0
2555,0.0,0.0
2556,0.0,0.0
2557,0.0,0.0
2558,0.0,0.0
2559,0.0,0.0
2560,0.0,0.0
2561,0.0,0.0
2562,0.0,0.0
2563,0.6302140355110168,2.0
2564,0.7304186820983887,0.6478796005249023
2565,1.1525659561157227,0.6578437089920044
2566,0.0,0.0
2567,0.0,0.0
2568,0.8903041481971741,2.013552665710449
2569,1.5089213848114014,-20.337891101837158
2570,0.0,0.0
2571,0.4409099519252777,-1.985813856124878
2572,0.0,0.0
2573,1.2166590690612793,-0.7491722106933594
2574,0.0,0.0
2575,0.0,0.0
2576,0.8250082731246948,-7.002288579940796
2577,0.6656023263931274,2.0
2578,0.0,0.0
2579,0.0,0.0
2580,0.0,0.0
2581,0.6085020899772644,2.0
2582,1.9959980249404907,-31.56940984725952
2583,0.0,0.0
2584,0.0,0.0
2585,0.0,0.0
2586,0.0,0.0
2587,0.5800635814666748,2.0
2588,0.0,0.0
2589,0.0,0.0
2590,1.164595365524292,-3.219661831855774
2591,0.0,0.0
2592,0.0,0.0
2593,0.0,0.0
2594,0.5167627930641174,2.0
2595,2.0476202964782715,-41.51381301879883
2596,0.0,0.0
2597,0.0,0.0
2598,1.0807631015777588,-7.040745139122009
2599,0.7414600253105164,2.0
2600,0.6027957201004028,2.0
2601,0.0,0.0
2602,0.0,0.0
2603,0.9424452185630798,-11.231867790222168
2604,0.55595463514328,2.0
2605,0.5543026924133301,2.0
2606,0.0,0.0
2607,1.5867372751235962,-8.555673837661743
2608,0.5254130363464355,2.0
2609,0.0,0.0
2610,0.0,0.0
2611,1.0346689224243164,-3.2677747011184692
2612,3.0741117000579834,-196.97871589660645
2613,0.5548696517944336,2.0
2614,0.0,0.0
2615,0.0,0.0
2616,0.0,0.0
2617,0.5912101864814758,0.763461709022522
2618,0.0,0.0
2619,0.0,0.0
2620,0.0,0.0
2621,1.5159571170806885,-7.435438632965088
2622,0.5322543382644653,2.0
2623,0.0,0.0
2624,0.0,0.0
2625,0.0,0.0
2626,0.6656023263931274,2.0
2627,0.0,0.0
2628,0.8483948707580566,-23.63056182861328
2629,0.0,0.0
2630,0.0,0.0
2631,0.0,0.0
2632,0.0,0.0
2633,0.45437026023864746,2.0
2634,2.0253052711486816,-60.322227478027344
2635,1.6220234632492065,-0.18398892879486084
2636,1.0290842056274414,0.9120932817459106
2637,0.5746757388114929,2.0
2638,0.0,0.0
2639,0.608306348323822,1.0063552856445312
2640,0.0,0.0
2641,0.0,0.0
2642,0.5506580471992493,0.7370986938476562
2643,0.4405736029148102,1.1372509002685547
2644,0.8762953281402588,0.9396333694458008
2645,0.48510921001434326,2.0
2646,0.432731956243515,2.0
2647,0.0,0.0
2648,0.5730053186416626,1.0206844806671143
2649,0.0,0.0
2650,0.0,0.0
2651,0.0,0.0
2652,0.5536633729934692,2.0
2653,0.7126618027687073,2.0
2654,0.555388867855072,2.0
2655,1.9182116985321045,-34.477274894714355
2656,0.0,0.0
2657,0.0,0.0
2658,0.869513750076294,0.381636381149292
2659,0.9662570953369141,-14.175562500953674
2660,0.0,0.0
2661,0.0,0.0
2662,0.5481127500534058,2.0
2663,0.4437209665775299,2.0
2664,0.0,0.0
2665,0.5059643983840942,1.091850757598877
2666,0.8554785251617432,-2.791267156600952
2667,0.0,0.0
2668,0.42448288202285767,2.0
2669,0.705196738243103,2.0
2670,0.5298503637313843,1.0728449821472168
2671,1.1346125602722168,-2.3060801029205322
2672,0.4174671471118927,2.0
2673,0.7385892868041992,2.0
2674,0.0,0.0
2675,1.7687088251113892,-6.060487985610962
2676,0.4072231948375702,1.3568744659423828
2677,0.0,0.0
2678,0.0,0.0
2679,0.8609850406646729,-1.7966285943984985
2680,0.0,0.0
2681,0.0,0.0
2682,0.0,0.0
2683,0.0,0.0
2684,0.0,0.0
2685,1.1396697759628296,-2.3695058822631836
2686,0.0,0.0
2687,1.0433497428894043,0.8441592454910278
2688,2.880004644393921,-100.31185150146484
2689,0.0,0.0
2690,0.0,0.0
2691,0.4848841428756714,0.9675037860870361
2692,1.957150936126709,-33.604825019836426
2693,0.0,0.0
2694,0.0,0.0
2695,1.3733375072479248,-16.47699546813965
2696,0.0,0.0
2697,0.4596422612667084,2.0
2698,1.7132630348205566,-15.551377058029175
2699,0.6803065538406372,0.9965305328369141
2700,0.8851878643035889,1.0499646663665771
2701,0.0,0.0
2702,0.0,0.0
2703,0.4607282876968384,2.0
2704,0.0,0.0
2705,1.000823736190796,0.7028015851974487
2706,1.0357677936553955,-6.134495258331299
2707,0.569494903087616,0.7368483543395996
2708,0.0,0.0
2709,0.0,0.0
2710,0.0,0.0
2711,0.0,0.0
2712,0.0,0.0
2713,1.548297643661499,-11.641316890716553
2714,0.0,0.0
2715,0.4737704396247864,-2.011244535446167
2716,0.5820088982582092,-2.252530813217163
2717,1.2460983991622925,0.11295413970947266
2718,0.0,0.0
2719,0.0,0.0
2720,1.192631483078003,2.00142502784729
2721,1.1180230379104614,0.6752115488052368
2722,0.6027957201004028,2.0
2723,0.0,0.0
2724,0.0,0.0
2725,0.0,0.0
2726,0.7568429112434387,2.0
2727,2.863328456878662,-109.66285514831543
2728,0.47223642468452454,2.0
2729,0.0,0.0
2730,2.3598642349243164,-88.40062999725342
2731,0.8767699003219604,1.1225684881210327
2732,0.0,0.0
2733,1.5904215574264526,-19.87526845932007
2734,0.0,0.0
2735,0.5436760187149048,2.0
2736,0.0,0.0
2737,0.0,0.0
2738,0.40506911277770996,2.0
2739,0.4016065299510956,1.096926212310791
2740,0.0,0.0
2741,0.0,0.0
2742,0.7759395241737366,2.0
2743,1.0352224111557007,-0.25921177864074707
2744,0.0,0.0
2745,0.0,0.0
2746,0.0,0.0
2747,0.0,0.0
2748,1.7316107749938965,-43.06668567657471
2749,0.0,0.0
2750,0.5046903491020203,2.0
2751,0.0,0.0
2752,0.0,0.0
2753,0.0,0.0
2754,0.0,0.0
2755,0.6400480270385742,0.6755255460739136
2756,0.4726000428199768,0.9862271547317505
2757,0.0,0.0
2758,0.426139235496521,-2.0130391120910645
2759,0.0,0.0
2760,0.9757187366485596,-2.7901926040649414
2761,1.2321834564208984,0.17500770092010498
2762,0.0,0.0
2763,0.0,0.0
2764,0.0,0.0
2765,2.493262767791748,-101.27871417999268
2766,0.0,0.0
2767,0.46090415120124817,0.9647310972213745
2768,0.0,0.0
2769,1.157923698425293,1.0968388319015503
2770,0.0,0.0
2771,0.0,0.0
2772,0.0,0.0
2773,0.0,0.0
2774,0.0,0.0
2775,0.6182827949523926,2.0
2776,0.40699413418769836,2.0
2777,0.0,0.0
2778,0.49963465332984924,1.4257464408874512
2779,0.0,0.0
2780,0.0,0.0
2781,0.427656352519989,1.364367961883545
2782,1.1537400484085083,-0.037196993827819824
2783,0.0,0.0
2784,0.5543026924133301,2.0
2785,1.089719295501709,2.0169007778167725
2786,0.0,0.0
2787,0.0,0.0
2788,0.5548684000968933,-2.2136154174804688
2789,0.41716670989990234,-7.029325485229492
2790,1.3199671506881714,-0.2531014680862427
2791,0.0,0.0
2792,0.5109748840332031,2.0
2793,1.2510099411010742,-22.830223083496094
2794,0.0,0.0
2795,0.6513871550559998,2.0
2796,0.0,0.0
2797,0.5588233470916748,2.0
2798,0.0,0.0
2799,0.0,0.0
2800,0.0,0.0
2801,0.0,0.0
2802,2.468327283859253,-61.49492073059082
2803,0.0,0.0
2804,1.1931171417236328,2.114118456840515
2805,0.0,0.0
2806,0.0,0.0
2807,0.8872740268707275,2.2485857009887695
2808,0.46736547350883484,2.0
2809,0.0,0.0
2810,0.6513871550559998,2.0
2811,0.5800635814666748,2.0
2812,0.5287659168243408,2.0
2813,0.0,0.0
2814,0.5802581310272217,0.7463147640228271
2815,0.42680105566978455,2.0
2816,1.105625867843628,-0.29490017890930176
2817,0.0,0.0
2818,0.0,0.0
2819,0.0,0.0
2820,0.0,0.0
2821,1.0026239156723022,-1.6550467014312744
2822,1.1430070400238037,0.43591785430908203
2823,0.0,0.0
2824,0.0,0.0
2825,0.0,0.0
2826,1.704979419708252,-18.235442638397217
2827,0.0,0.0
2828,2.0597996711730957,-57.27392387390137
2829,0.0,0.0
2830,0.9329313039779663,2.0352004766464233
2831,0.5546810626983643,0.8083446025848389
2832,0.0,0.0
2833,0.0,0.0
2834,1.7342320680618286,-7.938183784484863
2835,0.0,0.0
2836,2.3218235969543457,-73.50758838653564
2837,1.3041446208953857,-6.326959609985352
2838,0.9041976928710938,0.906941294670105
2839,0.0,0.0
2840,0.0,0.0
2841,0.0,0.0
2842,0.4073643982410431,2.0
2843,0.4955678880214691,0.9603829383850098
2844,0.4605909585952759,1.2679874897003174
2845,0.0,0.0
2846,0.0,0.0
2847,0.0,0.0
2848,1.1187868118286133,-3.5097482204437256
2849,0.0,0.0
2850,0.0,0.0
2851,1.009371042251587,-2.180727481842041
2852,0.0,0.0
2853,0.43295276165008545,1.0694267749786377
2854,0.0,0.0
2855,0.0,0.0
2856,0.0,0.0
2857,0.5265894532203674,2.0
2858,0.8269243836402893,-2.7240010499954224
2859,0.0,0.0
2860,0.927829384803772,-5.715658903121948
2861,0.5128753781318665,0.864883542060852
2862,0.0,0.0
2863,0.0,0.0
2864,0.0,0.0
2865,0.5328387022018433,0.786003589630127
2866,1.1026387214660645,1.066770076751709
2867,0.0,0.0
2868,0.0,0.0
2869,0.0,0.0
2870,0.0,0.0
2871,0.0,0.0
2872,0.5645400285720825,0.7376214265823364
2873,0.0,0.0
2874,0.4020366370677948,2.0
2875,0.0,0.0
2876,1.1435434818267822,0.8180152177810669
2877,0.4892307221889496,2.0
2878,0.0,0.0
2879,0.0,0.0
2880,0.0,0.0
2881,0.0,0.0
2882,0.5903459191322327,2.0
2883,0.42619800567626953,1.2372825145721436
2884,1.4697802066802979,-3.975825071334839
2885,0.0,0.0
2886,0.0,0.0
2887,0.0,0.0
2888,0.0,0.0
2889,0.0,0.0
2890,0.0,0.0
2891,0.923794150352478,-2.816649913787842
2892,0.0,0.0
2893,0.0,0.0
2894,0.7373883724212646,2.0
2895,0.6472182869911194,2.0
2896,0.6529281735420227,2.0
2897,0.0,0.0
2898,0.0,0.0
2899,0.0,0.0
2900,0.0,0.0
2901,0.40879860520362854,2.0
2902,0.9288829565048218,-7.988495349884033
2903,0.48159366846084595,2.0
2904,0.6362809538841248,2.0
2905,0.0,0.0
2906,1.0518733263015747,1.1700702905654907
2907,0.0,0.0
2908,0.0,0.0
2909,0.0,0.0
2910,0.0,0.0
2911,0.0,0.0
2912,0.0,0.0
2913,0.9707103371620178,-2.7820640802383423
2914,1.1680538654327393,0.9409071207046509
2915,0.4779926836490631,2.0
2916,0.8169340491294861,-8.107014417648315
2917,2.4393057823181152,-41.28949546813965
2918,0.0,0.0
2919,0.0,0.0
2920,0.0,0.0
2921,0.0,0.0
2922,0.0,0.0
2923,0.0,0.0
2924,0.626617968082428,2.0
2925,0.0,0.0
2926,0.5094802379608154,1.3691489696502686
2927,0.6030625104904175,2.0
2928,0.0,0.0
2929,1.0945425033569336,2.000918984413147
2930,0.5322543382644653,2.0
2931,0.8329224586486816,1.1753838062286377
2932,0.5816023349761963,2.0
2933,0.5578376650810242,2.0
2934,0.0,0.0
2935,0.9713491201400757,-3.2585655450820923
2936,0.0,0.0
2937,0.5763010382652283,0.716998815536499
2938,0.0,0.0
2939,0.5860146284103394,2.0
2940,0.0,0.0
2941,3.7774548530578613,-198.61806106567383
2942,0.0,0.0
2943,0.8066703677177429,2.0
2944,0.0,0.0
2945,0.0,0.0
2946,0.0,0.0
2947,0.0,0.0
2948,0.518232524394989,2.0
2949,0.43488287925720215,1.526794195175171
2950,0.4453597664833069,2.0
2951,0.5131032466888428,2.0
2952,0.0,0.0
2953,0.5711597204208374,2.0
2954,0.0,0.0
2955,0.0,0.0
2956,0.705196738243103,2.0
2957,0.0,0.0
2958,0.0,0.0
2959,0.0,0.0
2960,0.0,0.0
2961,0.0,0.0
2962,0.0,0.0
2963,0.46632078289985657,2.0
2964,0.7824068069458008,0.4890937805175781
2965,0.0,0.0
2966,0.9189609289169312,-0.01872837543487549
2967,0.4043188989162445,1.2760894298553467
2968,0.0,0.0
2969,0.0,0.0
2970,1.1637462377548218,-3.19774329662323
2971,0.0,0.0
2972,2.812457799911499,-104.70228385925293
2973,0.0,0.0
2974,2.4026803970336914,-23.66053581237793
2975,0.0,0.0
2976,1.4987010955810547,0.280605673789978
2977,0.4380558431148529,-14.024628639221191
2978,0.5306898951530457,2.0
2979,0.0,0.0
2980,0.0,0.0
2981,0.5670346021652222,2.0
2982,0.0,0.0
2983,0.0,0.0
2984,1.534505844116211,-3.6207194328308105
2985,0.0,0.0
2986,0.0,0.0
2987,0.0,0.0
2988,0.5437526702880859,2.0
2989,0.0,0.0
2990,0.0,0.0
2991,0.0,0.0
2992,0.0,0.0
2993,1.1630346775054932,0.08563530445098877
2994,0.0,0.0
2995,0.0,0.0
2996,0.6170100569725037,2.0
2997,0.4302207827568054,-14.06956672668457
2998,0.0,0.0
2999,0.0,0.0
3000,1.0228461027145386,-2.1977901458740234
3001,1.1142451763153076,-11.369919538497925
3002,0.8038333654403687,0.4520084857940674
3003,0.0,0.0
3004,0.0,0.0
3005,0.0,0.0
3006,0.6473522782325745,2.0
3007,0.615855872631073,2.0
3008,0.5095482468605042,1.5905430316925049
3009,0.0,0.0
3010,0.0,0.0
3011,0.0,0.0
3012,0.4937862455844879,2.0
3013,0.0,0.0
3014,0.7480810880661011,2.0
3015,0.43409106135368347,2.0
3016,0.0,0.0
3017,1.0687105655670166,2.046929359436035
3018,0.0,0.0
3019,0.0,0.0
3020,0.0,0.0
3021,0.0,0.0
3022,0.0,0.0
3023,0.0,0.0
3024,0.7147279977798462,2.0
3025,0.0,0.0
3026,0.0,0.0
3027,0.0,0.0
3028,0.7147279977798462,2.0
3029,0.0,0.0
3030,0.0,0.0
3031,0.9029269218444824,-3.0055038928985596
3032,0.0,0.0
3033,1.7039422988891602,-3.641866087913513
3034,0.0,0.0
3035,0.0,0.0
3036,0.9435497522354126,2.0087958574295044
3037,0.4699956178665161,-2.0812947750091553
3038,0.0,0.0
3039,0.0,0.0
3040,1.6960506439208984,-12.40259337425232
3041,0.0,0.0
3042,0.0,0.0
3043,0.0,0.0
3044,0.0,0.0
3045,0.0,0.0
3046,0.0,0.0
3047,0.0,0.0
3048,0.0,0.0
3049,0.4437209665775299,2.0
3050,0.0,0.0
3051,1.8230072259902954,-17.455702543258667
3052,0.0,0.0
3053,0.0,0.0
3054,0.0,0.0
3055,0.0,0.0
3056,0.0,0.0
3057,0.0,0.0
3058,0.0,0.0
3059,0.8953953981399536,2.0041240453720093
3060,1.4285552501678467,-6.315345764160156
3061,0.0,0.0
3062,1.497215747833252,-16.927573680877686
3063,0.0,0.0
3064,0.0,0.0
3065,0.4518238306045532,1.3861913681030273
3066,0.6277576088905334,0.8491729497909546
3067,0.0,0.0
3068,1.3933666944503784,-28.083736419677734
3069,0.0,0.0
3070,0.40630480647087097,-24.173900604248047
3071,0.0,0.0
3072,0.0,0.0
3073,0.0,0.0
3074,0.0,0.0
3075,0.0,0.0
3076,0.0,0.0
3077,0.48143208026885986,2.0
3078,0.5341939330101013,2.0
3079,0.0,0.0
3080,0.0,0.0
3081,1.7039138078689575,-14.259649515151978
3082,0.0,0.0
3083,0.6139160394668579,-2.23445725440979
3084,1.3165481090545654,-2.896503210067749
3085,0.0,0.0
3086,1.8350130319595337,-42.41443157196045
3087,0.0,0.0
3088,1.2737221717834473,-16.079282999038696
3089,1.626635193824768,-0.5434064865112305
3090,0.48501938581466675,0.8205995559692383
3091,0.0,0.0
3092,0.0,0.0
3093,1.7880942821502686,-17.83484935760498
3094,1.416568398475647,-23.968608021736145
3095,0.4950348138809204,1.1928832530975342
3096,0.47959575057029724,2.0
3097,0.0,0.0
3098,0.0,0.0
3099,0.0,0.0
3100,0.0,0.0
3101,0.4719415307044983,2.0
3102,0.0,0.0
3103,0.41013437509536743,2.0
3104,0.425424724817276,2.0
3105,0.0,0.0
3106,0.0,0.0
3107,0.0,0.0
3108,1.9285457134246826,-28.90853786468506
3109,0.46736547350883484,2.0
3110,0.44607529044151306,1.1448805332183838
3111,0.0,0.0
3112,0.6565011143684387,2.0
3113,0.0,0.0
3114,0.0,0.0
3115,0.0,0.0
3116,3.2850847244262695,-132.57690048217773
3117,0.0,0.0
3118,0.0,0.0
3119,0.9870679378509521,-2.381373405456543
3120,0.0,0.0
3121,0.0,0.0
3122,0.0,0.0
3123,0.5185630321502686,2.0
3124,0.0,0.0
3125,0.40352630615234375,2.0
3126,0.734716534614563,2.0
3127,0.0,0.0
3128,1.6248067617416382,-8.03900408744812
3129,0.45610904693603516,2.0
3130,0.836625337600708,-8.126257061958313
3131,1.7501046657562256,-25.51697278022766
3132,0.0,0.0
3133,1.4312433004379272,-16.88906216621399
3134,0.0,0.0
3135,0.6413648724555969,0.7230932712554932
3136,0.4526107907295227,2.0
3137,0.0,0.0
3138,0.0,0.0
3139,0.0,0.0
3140,0.0,0.0
3141,0.478134423494339,-2.01358699798584
3142,0.0,0.0
3143,0.5717966556549072,0.8396598100662231
3144,0.9336721897125244,-3.216992974281311
3145,0.0,0.0
3146,0.8724805116653442,1.9439035654067993
3147,1.19559907913208,-26.626497745513916
3148,1.0918718576431274,2.061716914176941
3149,1.7563287019729614,-11.514019250869751
3150,1.0282928943634033,1.0671411752700806
3151,0.41223543882369995,2.0
3152,0.5455513596534729,2.0
3153,0.0,0.0
3154,0.0,0.0
3155,0.0,0.0
3156,1.2617632150650024,-11.337273597717285
3157,0.41550832986831665,1.0358989238739014
3158,1.031734824180603,2.0005526542663574
3159,0.5131032466888428,2.0
3160,0.0,0.0
3161,0.4509868323802948,-1.7687764167785645
3162,0.42826077342033386,1.2916407585144043
3163,0.0,0.0
3164,0.0,0.0
3165,0.0,0.0
3166,0.0,0.0
3167,1.7479164600372314,-0.3272862434387207
3168,1.1197268962860107,-0.3001323938369751
3169,0.0,0.0
3170,0.4720572531223297,2.0
3171,2.288991689682007,-172.9203109741211
3172,0.0,0.0
3173,0.0,0.0
3174,0.0,0.0
3175,0.9892332553863525,2.036821961402893
3176,0.0,0.0
3177,0.45575642585754395,-1.9012165069580078
3178,0.503779411315918,2.0
3179,0.0,0.0
3180,1.330843448638916,2.199710488319397
3181,0.7557135820388794,2.0
3182,0.0,0.0
3183,0.0,0.0
3184,0.0,0.0
3185,0.5371109247207642,2.0
3186,0.0,0.0
3187,0.7378918528556824,0.5707299709320068
3188,0.0,0.0
3189,1.0907241106033325,2.0098047256469727
3190,0.0,0.0
3191,0.0,0.0
3192,0.0,0.0
3193,0.0,0.0
3194,0.0,0.0
3195,0.0,0.0
3196,0.9263138771057129,1.6802589893341064
3197,2.7063956260681152,-135.98990535736084
3198,0.9921122789382935,2.0255520343780518
3199,0.0,0.0
3200,0.0,0.0
3201,0.0,0.0
3202,0.0,0.0
3203,0.0,0.0
3204,0.0,0.0
3205,0.5815966129302979,2.0
3206,0.7755393981933594,2.0
3207,0.46007874608039856,1.00189208984375
3208,0.5037729144096375,2.0
3209,0.0,0.0
3210,0.0,0.0
3211,0.9631818532943726,-11.16131067276001
3212,0.0,0.0
3213,1.2395352125167847,-3.136423349380493
3214,0.5644198060035706,2.0
3215,0.0,0.0
3216,0.0,0.0
3217,0.0,0.0
3218,0.8679981231689453,0.3554408550262451
3219,0.522817075252533,-2.1255576610565186
3220,0.0,0.0
3221,2.3186326026916504,-93.9885311126709
3222,0.0,0.0
3223,0.0,0.0
3224,0.6895636916160583,2.0
3225,0.0,0.0
3226,0.0,0.0
3227,0.0,0.0
3228,0.0,0.0
3229,0.0,0.0
3230,0.0,0.0
3231,0.0,0.0
3232,1.5983575582504272,-18.102465629577637
3233,0.0,0.0
3234,0.0,0.0
3235,0.6185929775238037,2.0
3236,0.0,0.0
3237,0.0,0.0
3238,1.4912053346633911,-11.174937009811401
3239,1.6527395248413086,-8.37722110748291
3240,0.0,0.0
3241,0.5231639742851257,2.0
3242,0.4182349145412445,1.4332542419433594
3243,0.0,0.0
3244,0.0,0.0
3245,0.0,0.0
3246,0.0,0.0
3247,0.5640266537666321,2.0
3248,0.4085894525051117,2.0
3249,0.0,0.0
3250,0.0,0.0
3251,0.0,0.0
3252,0.0,0.0
3253,0.0,0.0
3254,0.0,0.0
3255,0.0,0.0
3256,0.45485416054725647,2.0
3257,0.5510127544403076,0.8657015562057495
3258,0.5259888172149658,-2.0648999214172363
3259,0.44332951307296753,0.941198468208313
3260,0.0,0.0
3261,0.0,0.0
3262,0.5231639742851257,2.0
3263,0.0,0.0
3264,1.1710901260375977,-2.2074625492095947
3265,0.9289608001708984,-3.1875187158584595
3266,0.0,0.0
3267,0.0,0.0
3268,0.0,0.0
3269,0.0,0.0
3270,0.7440128922462463,2.0
3271,0.0,0.0
3272,0.0,0.0
3273,0.0,0.0
3274,0.0,0.0
3275,0.4526107907295227,2.0
3276,0.0,0.0
3277,0.5371109247207642,2.0
3278,0.0,0.0
3279,0.0,0.0
3280,1.1120191812515259,2.1448974609375
3281,0.4781174957752228,2.0
3282,0.0,0.0
3283,0.5084272623062134,2.0
3284,0.4772004783153534,2.0
3285,0.0,0.0
3286,0.6129007935523987,2.0
3287,1.1549991369247437,-6.185702562332153
3288,0.0,0.0
3289,0.9582266211509705,2.022534132003784
3290,0.0,0.0
3291,0.0,0.0
3292,0.9625757932662964,2.0497967004776
3293,0.4085894525051117,2.0
3294,0.0,0.0
3295,0.0,0.0
3296,0.0,0.0
3297,0.0,0.0
3298,0.0,0.0
3299,0.0,0.0
3300,0.0,0.0
3301,1.8707400560379028,-70.99129104614258
3302,0.7786461114883423,0.7032723426818848
3303,0.0,0.0
3304,0.0,0.0
3305,1.882418155670166,-41.4849214553833
3306,0.0,0.0
3307,0.0,0.0
3308,0.8114092350006104,-5.802916526794434
3309,0.0,0.0
3310,1.5394368171691895,0.4293797016143799
3311,0.0,0.0
3312,0.0,0.0
3313,0.0,0.0
3314,0.9220929145812988,1.3112620115280151
3315,0.0,0.0
3316,0.0,0.0
3317,0.0,0.0
3318,0.0,0.0
3319,0.7568429112434387,2.0
3320,0.49971136450767517,2.0
3321,0.0,0.0
3322,0.0,0.0
3323,0.0,0.0
3324,1.3048655986785889,-2.0731080770492554
3325,0.7690104246139526,-7.009119987487793
3326,0.49490004777908325,2.0
3327,0.984154462814331,2.0
3328,0.48850589990615845,2.0
3329,0.0,0.0
3330,0.0,0.0
3331,0.0,0.0
3332,0.0,0.0
3333,1.1241819858551025,-1.826606273651123
3334,0.529615581035614,0.7980828285217285
3335,0.0,0.0
3336,0.0,0.0
3337,0.40550291538238525,2.0
3338,0.0,0.0
3339,0.0,0.0
3340,0.6185929775238037,2.0
3341,0.0,0.0
3342,1.9833178520202637,-34.57990741729736
3343,0.0,0.0
3344,0.4494817554950714,2.0
3345,0.0,0.0
3346,0.7414600253105164,2.0
3347,0.0,0.0
3348,0.9587869644165039,0.8931233882904053
3349,0.0,0.0
3350,0.49336257576942444,-7.027963638305664
3351,1.2147151231765747,2.1076565980911255
3352,0.0,0.0
3353,0.40195760130882263,-7.007006645202637
3354,1.1997220516204834,-1.96297025680542
3355,0.0,0.0
3356,0.45964035391807556,2.0
3357,0.0,0.0
3358,0.0,0.0
3359,0.0,0.0
3360,1.0508418083190918,-8.128498196601868
3361,0.8854625225067139,2.0
3362,0.0,0.0
3363,0.7943747043609619,2.0
3364,2.395010232925415,-40.620548248291016
3365,0.0,0.0
3366,0.5282775163650513,0.7692035436630249
3367,0.0,0.0
3368,0.0,0.0
3369,0.0,0.0
3370,0.4123711585998535,1.2123937606811523
3371,0.0,0.0
3372,0.0,0.0
3373,0.0,0.0
3374,0.4110165238380432,2.0
3375,0.0,0.0
3376,1.3867042064666748,-46.716628074645996
3377,1.5595341920852661,-13.981777667999268
3378,0.9942793846130371,-5.712289810180664
3379,0.0,0.0
3380,0.0,0.0
3381,1.5208368301391602,0.003052234649658203
3382,0.0,0.0
3383,0.0,0.0
3384,0.0,0.0
3385,0.0,0.0
3386,0.43586623668670654,2.0
3387,0.0,0.0
3388,1.3057794570922852,1.592766523361206
3389,0.9080638885498047,-7.016327381134033
3390,0.0,0.0
3391,0.0,0.0
3392,0.0,0.0
3393,0.45157304406166077,-1.6012942790985107
3394,0.0,0.0
3395,0.9013335704803467,-7.906984448432922
3396,2.2646360397338867,-36.01976299285889
3397,0.0,0.0
3398,0.0,0.0
3399,1.8353729248046875,-43.41254758834839
3400,0.49393486976623535,2.0
3401,0.0,0.0
3402,0.0,0.0
3403,0.0,0.0
3404,0.0,0.0
3405,0.0,0.0
3406,1.4216508865356445,-3.033653140068054
3407,0.5320031046867371,2.0
3408,1.1702558994293213,0.16510248184204102
3409,0.0,0.0
3410,0.0,0.0
3411,0.7783709168434143,0.6052045822143555
3412,0.4012467563152313,1.0744998455047607
3413,0.0,0.0
3414,0.0,0.0
3415,2.750852584838867,-95.77698612213135
3416,0.0,0.0
3417,0.0,0.0
3418,2.2088840007781982,-41.39770221710205
3419,0.0,0.0
3420,1.637677550315857,-23.304675102233887
3421,0.5515199899673462,0.8607208728790283
3422,0.0,0.0
3423,1.5327577590942383,-15.146181583404541
3424,0.0,0.0
3425,0.0,0.0
3426,0.0,0.0
3427,0.0,0.0
3428,0.48968246579170227,2.0
3429,0.0,0.0
3430,0.0,0.0
3431,0.0,0.0
3432,0.0,0.0
3433,0.0,0.0
3434,0.0,0.0
3435,0.0,0.0
3436,0.0,0.0
3437,0.0,0.0
3438,1.085777997970581,-0.16018402576446533
3439,0.8964676856994629,0.8895113468170166
3440,0.4021728038787842,1.2074642181396484
3441,2.0313875675201416,-49.109015464782715
3442,0.0,0.0
3443,0.0,0.0
3444,0.0,0.0
3445,0.40004730224609375,2.0
3446,1.5219353437423706,-7.175043821334839
3447,0.0,0.0
3448,0.4369029104709625,1.0933048725128174
3449,1.0989750623703003,0.8979027271270752
3450,0.0,0.0
3451,0.0,0.0
3452,0.0,0.0
3453,0.829538106918335,2.0002660751342773
3454,0.0,0.0
3455,0.0,0.0
3456,0.5440449714660645,1.1475188732147217
3457,1.2821283340454102,-0.20468807220458984
3458,0.8516355156898499,2.0069018602371216
3459,0.5889425277709961,2.0
3460,0.0,0.0
3461,2.0546114444732666,-43.29014253616333
3462,0.0,0.0
3463,0.41013437509536743,2.0
3464,0.0,0.0
3465,0.0,0.0
3466,0.978142499923706,0.2105860710144043
3467,0.0,0.0
3468,0.0,0.0
3469,0.8895573616027832,-5.905748128890991
3470,0.0,0.0
3471,0.0,0.0
3472,0.0,0.0
3473,1.53438401222229,-14.440684080123901
3474,0.0,0.0
3475,0.0,0.0
3476,0.0,0.0
3477,1.119072437286377,1.0478074550628662
3478,1.6834914684295654,-20.365321397781372
3479,0.0,0.0
3480,1.0365614891052246,-3.380826711654663
3481,1.030487060546875,1.921392560005188
3482,0.9919103384017944,2.039181351661682
3483,0.0,0.0
3484,0.0,0.0
3485,0.4127078354358673,1.0976314544677734
3486,1.016434907913208,1.1265294551849365
3487,0.0,0.0
3488,0.5124049186706543,0.803900957107544
3489,0.0,0.0
3490,1.7639732360839844,-9.083631753921509
3491,0.0,0.0
3492,1.1589698791503906,-3.4149197340011597
3493,0.0,0.0
3494,0.4330049753189087,-1.8594274520874023
3495,0.0,0.0
3496,0.0,0.0
3497,0.0,0.0
3498,0.0,0.0
3499,0.0,0.0
3500,0.0,0.0
3501,1.0276236534118652,1.1971503496170044
3502,1.4317418336868286,-11.51826000213623
3503,0.0,0.0
3504,1.086061954498291,2.1248538494110107
3505,0.6257575750350952,2.0
3506,0.5254130363464355,2.0
3507,0.0,0.0
3508,0.7657561898231506,0.646594762802124
3509,0.0,0.0
3510,0.0,0.0
3511,0.44523996114730835,2.0
3512,0.0,0.0
3513,0.0,0.0
3514,0.45357632637023926,2.0
3515,0.0,0.0
3516,0.0,0.0
3517,1.076305627822876,-11.243525505065918
3518,0.0,0.0
3519,0.0,0.0
3520,0.0,0.0
3521,0.6747029423713684,2.0
3522,2.5795047283172607,-137.92099952697754
3523,0.0,0.0
3524,0.0,0.0
3525,1.7709351778030396,-65.77522373199463
3526,0.0,0.0
3527,0.5037164092063904,2.0
3528,0.40442901849746704,2.0
3529,0.9154776334762573,0.8872389793395996
3530,0.0,0.0
3531,0.0,0.0
3532,1.3524490594863892,0.5596398115158081
3533,0.42015451192855835,2.0
3534,0.569482147693634,2.0
3535,0.46618202328681946,2.0
3536,0.0,0.0
3537,0.0,0.0
3538,0.0,0.0
3539,0.0,0.0
3540,0.0,0.0
3541,0.0,0.0
3542,0.4092364013195038,1.0856897830963135
3543,0.4664534330368042,-7.023920059204102
3544,0.7738536596298218,2.0
3545,1.0416419506072998,2.021106243133545
3546,0.0,0.0
3547,0.8843774795532227,-8.070663094520569
3548,0.42861104011535645,1.2244513034820557
3549,0.5072952508926392,1.0335195064544678
3550,1.3324544429779053,-7.9639599323272705
3551,0.4258532226085663,2.0
3552,0.0,0.0
3553,0.0,0.0
3554,1.0518012046813965,2.0314491987228394
3555,0.0,0.0
3556,0.0,0.0
3557,0.0,0.0
3558,0.4195518493652344,0.9770674705505371
3559,0.0,0.0
3560,0.0,0.0
3561,0.4296921491622925,1.6356170177459717
3562,0.0,0.0
3563,0.0,0.0
3564,0.0,0.0
3565,0.42294543981552124,-1.7176172733306885
3566,0.43302756547927856,1.1027836799621582
3567,0.0,0.0
3568,0.4696160852909088,2.0
3569,0.0,0.0
3570,0.0,0.0
3571,0.0,0.0
3572,0.9351446628570557,2.0021337270736694
3573,0.0,0.0
3574,0.0,0.0
3575,0.0,0.0
3576,0.5127099752426147,2.0
3577,0.0,0.0
3578,0.5860146284103394,2.0
3579,0.49490004777908325,2.0
3580,1.0919597148895264,-15.466782689094543
3581,0.0,0.0
3582,0.40846607089042664,2.0
3583,1.6223385334014893,-58.82367706298828
3584,1.1251589059829712,-14.969351172447205
3585,0.0,0.0
3586,0.42201435565948486,-1.9922583103179932
3587,0.0,0.0
3588,0.0,0.0
3589,0.0,0.0
3590,0.45437026023864746,2.0
3591,0.0,0.0
3592,0.0,0.0
3593,0.8572262525558472,0.6916294097900391
3594,0.5355457067489624,1.043330192565918
3595,0.0,0.0
3596,0.0,0.0
3597,0.4944097399711609,-7.015800476074219
3598,0.0,0.0
3599,0.0,0.0
3600,0.0,0.0
3601,1.5586044788360596,-8.305026531219482
3602,0.6878688931465149,2.0
3603,1.392396330833435,-7.599856615066528
3604,1.472757339477539,-33.836530685424805
3605,0.0,0.0
3606,0.0,0.0
3607,0.0,0.0
3608,0.7475371956825256,2.0
3609,0.0,0.0
3610,0.4166548252105713,2.0
3611,0.8479377031326294,1.7911757230758667
3612,0.0,0.0
3613,0.0,0.0
3614,0.0,0.0
3615,0.0,0.0
3616,0.0,0.0
3617,0.0,0.0
3618,0.0,0.0
3619,0.0,0.0
3620,0.0,0.0
3621,0.0,0.0
3622,0.4462394416332245,2.0
3623,0.0,0.0
3624,2.1370174884796143,-43.957621574401855
3625,0.0,0.0
3626,0.0,0.0
3627,0.0,0.0
3628,0.45526811480522156,2.0
3629,0.0,0.0
3630,0.6428980231285095,0.7465678453445435
3631,0.5776433348655701,-2.0335865020751953
3632,0.9128151535987854,-10.731712341308594
3633,1.5748798847198486,-6.689089775085449
3634,0.0,0.0
3635,1.113995909690857,0.12174093723297119
3636,0.0,0.0
3637,0.0,0.0
3638,0.40415671467781067,2.0
3639,0.0,0.0
3640,0.4852483570575714,2.0
3641,0.0,0.0
3642,0.0,0.0
3643,0.0,0.0
3644,0.0,0.0
3645,0.5537906885147095,2.0
3646,0.9102699756622314,-6.025663614273071
3647,0.44042807817459106,1.2399137020111084
3648,0.0,0.0
3649,0.0,0.0
3650,0.4043292999267578,2.0
3651,0.6109301447868347,2.0
3652,0.0,0.0
3653,0.0,0.0
3654,0.6878688931465149,2.0
3655,0.0,0.0
3656,0.0,0.0
3657,0.40894678235054016,-1.917872667312622
3658,1.4328274726867676,-8.902676582336426
3659,0.9404078722000122,-2.7694509029388428
3660,0.4746369421482086,-2.0381901264190674
3661,0.0,0.0
3662,0.0,0.0
3663,0.0,0.0
3664,0.5084272623062134,2.0
3665,1.4112660884857178,-19.496268033981323
3666,2.361612319946289,-47.03824234008789
3667,0.4359856843948364,1.0058233737945557
3668,0.9933570623397827,2.0018874406814575
3669,0.0,0.0
3670,0.0,0.0
3671,0.0,0.0
3672,0.0,0.0
3673,0.5255725979804993,-2.0443081855773926
3674,0.0,0.0
3675,0.0,0.0
3676,0.0,0.0
3677,0.0,0.0
3678,1.7164404392242432,-28.562135696411133
3679,0.0,0.0
3680,0.4588463008403778,1.5447361469268799
3681,0.0,0.0
3682,0.44357943534851074,2.0
3683,0.4273702800273895,1.3015599250793457
3684,0.0,0.0
3685,0.0,0.0
3686,0.856224775314331,-2.661909580230713
3687,0.0,0.0
3688,0.6435535550117493,0.7815353870391846
3689,0.44156739115715027,2.0
3690,0.0,0.0
3691,0.42565709352493286,-1.9174795150756836
3692,0.826135516166687,0.46799373626708984
3693,0.4781387150287628,0.990403413772583
3694,0.46196144819259644,2.0
3695,0.0,0.0
3696,0.5072928071022034,1.1451969146728516
3697,0.0,0.0
3698,1.7156845331192017,-6.815369606018066
3699,0.0,0.0
3700,0.0,0.0
3701,0.0,0.0
3702,0.9984687566757202,2.0098859071731567
3703,0.0,0.0
3704,0.843036949634552,2.004475474357605
3705,0.0,0.0
3706,0.0,0.0
3707,1.0364551544189453,2.1050944328308105
3708,0.9899000525474548,1.7097216844558716
3709,0.0,0.0
3710,1.6125174760818481,-24.46627950668335
3711,0.0,0.0
3712,0.0,0.0
3713,0.6055068373680115,2.0
3714,0.5516842007637024,0.7856383323669434
3715,0.0,0.0
3716,0.0,0.0
3717,0.0,0.0
3718,0.0,0.0
3719,0.5119271874427795,0.9394832849502563
3720,0.0,0.0
3721,0.8530399799346924,-7.162542819976807
3722,1.1679320335388184,-3.569158434867859
3723,0.47959575057029724,2.0
3724,0.44684940576553345,2.0
3725,0.0,0.0
3726,0.42204898595809937,-1.7031276226043701
3727,0.49916285276412964,0.8466144800186157
3728,0.4892307221889496,2.0
3729,0.0,0.0
3730,0.5276817679405212,0.7505327463150024
3731,0.0,0.0
3732,1.1690970659255981,0.5973548889160156
3733,0.0,0.0
3734,0.0,0.0
3735,0.0,0.0
3736,0.42241600155830383,2.0
3737,0.0,0.0
3738,0.940850019454956,-0.10270774364471436
3739,0.0,0.0
3740,0.0,0.0
3741,0.0,0.0
3742,0.46925729513168335,1.0330331325531006
3743,0.4283575713634491,2.0
3744,1.0144479274749756,2.057141900062561
3745,0.5959281325340271,2.0
3746,0.4284419119358063,1.3456342220306396
3747,0.44460758566856384,2.0
3748,0.0,0.0
3749,0.8332352638244629,-18.917027473449707
3750,0.47573965787887573,-2.0116968154907227
3751,0.0,0.0
3752,1.0291469097137451,2.057437539100647
3753,0.0,0.0
3754,0.0,0.0
3755,0.6917226910591125,2.0
3756,0.5646856427192688,2.0
3757,0.44156739115715027,2.0
3758,0.0,0.0
3759,0.0,0.0
3760,1.1646692752838135,2.012261986732483
3761,0.0,0.0
3762,0.0,0.0
3763,0.0,0.0
3764,0.9000757932662964,2.0136661529541016
3765,0.0,0.0
3766,0.5545368790626526,2.0
3767,0.0,0.0
3768,0.0,0.0
3769,0.4331546723842621,1.284062385559082
3770,0.4866310656070709,2.0
3771,0.9511898756027222,-1.7283108234405518
3772,0.8343251347541809,1.0854393243789673
3773,0.0,0.0
3774,0.42241600155830383,2.0
3775,0.0,0.0
3776,0.4068061113357544,2.0
3777,1.0594202280044556,0.8698397874832153
3778,0.0,0.0
3779,0.0,0.0
3780,0.5996559262275696,2.0
3781,0.9779375791549683,-7.171849250793457
3782,0.0,0.0
3783,0.0,0.0
3784,1.0702264308929443,-22.995771408081055
3785,0.0,0.0
3786,0.0,0.0
3787,0.0,0.0
3788,0.0,0.0
3789,0.0,0.0
3790,0.0,0.0
3791,0.5263821482658386,2.0
3792,1.435631275177002,-23.874694108963013
3793,0.5359134078025818,0.947567343711853
3794,0.0,0.0
3795,0.0,0.0
3796,1.0078198909759521,-18.11074662208557
3797,0.8916669487953186,2.019413471221924
3798,1.1841988563537598,-10.405761241912842
3799,0.0,0.0
3800,0.9025189280509949,-3.0157079696655273
3801,0.0,0.0
3802,0.0,0.0
3803,0.0,0.0
3804,1.2847959995269775,-1.726167917251587
3805,1.3175699710845947,-10.200590133666992
3806,0.0,0.0
3807,0.5333938598632812,-7.12343692779541
3808,0.0,0.0
3809,0.9061927199363708,-5.466922998428345
3810,0.0,0.0
3811,0.0,0.0
3812,0.4219001531600952,2.0
3813,2.1581313610076904,-48.055949211120605
3814,0.0,0.0
3815,1.4170405864715576,-10.053259134292603
3816,0.4385282099246979,0.9941936731338501
3817,0.0,0.0
3818,1.0387563705444336,2.0054436922073364
3819,0.0,0.0
3820,2.4027793407440186,-163.8011016845703
3821,0.46632078289985657,2.0
3822,0.0,0.0
3823,0.0,0.0
3824,0.0,0.0
3825,0.0,0.0
3826,0.0,0.0
3827,0.8852542042732239,-10.743773698806763
3828,0.5243186354637146,2.0
3829,1.5980826616287231,-49.25842905044556
3830,0.0,0.0
3831,0.0,0.0
3832,0.0,0.0
3833,2.4256479740142822,-79.39409828186035
3834,0.0,0.0
3835,0.0,0.0
3836,1.0388258695602417,2.001036286354065
3837,0.0,0.0
3838,0.0,0.0
3839,0.0,0.0
3840,0.0,0.0
3841,0.0,0.0
3842,0.0,0.0
3843,0.8488552570343018,2.0021653175354004
3844,0.45236003398895264,2.0
3845,0.0,0.0
3846,0.6443662047386169,2.0
3847,0.0,0.0
3848,1.0245490074157715,2.040921449661255
3849,0.0,0.0
3850,0.0,0.0
3851,0.0,0.0
3852,0.6114598512649536,0.6160672903060913
3853,0.4269474148750305,2.0
3854,0.0,0.0
3855,0.0,0.0
3856,1.8559335470199585,-9.006925821304321
3857,4.150355339050293,-350.30878829956055
3858,1.440032958984375,-3.3170013427734375
3859,0.5178863406181335,1.2943220138549805
3860,0.8518247604370117,-23.545205116271973
3861,0.4092683494091034,-1.8523852825164795
3862,0.0,0.0
3863,0.8726833462715149,-5.348278999328613
3864,1.3711516857147217,0.4570733308792114
3865,0.0,0.0
3866,0.0,0.0
3867,0.9498555660247803,2.0082907676696777
3868,0.0,0.0
3869,0.0,0.0
3870,0.5959281325340271,2.0
3871,0.0,0.0
3872,0.0,0.0
3873,0.0,0.0
3874,0.0,0.0
3875,0.0,0.0
3876,0.0,0.0
3877,0.0,0.0
3878,0.0,0.0
3879,0.4458552300930023,-1.9139714241027832
3880,0.0,0.0
3881,0.5054274201393127,0.8751745223999023
3882,2.506390333175659,-81.07225799560547
3883,0.4110165238380432,2.0
3884,0.8408976793289185,1.9175301790237427
3885,0.0,0.0
3886,0.6200452446937561,0.6636384725570679
3887,0.0,0.0
3888,0.0,0.0
3889,1.552586555480957,-11.98471474647522
3890,0.6105750799179077,2.0
3891,0.8134930729866028,2.0
3892,0.0,0.0
3893,0.0,0.0
3894,0.0,0.0
3895,0.0,0.0
3896,0.5897426009178162,2.0
3897,0.0,0.0
3898,0.0,0.0
3899,1.2758363485336304,-1.789172649383545
3900,1.1222838163375854,-6.111090183258057
3901,0.0,0.0
3902,0.0,0.0
3903,1.3710600137710571,-3.7948981523513794
3904,0.0,0.0
3905,0.4724581241607666,2.0
3906,0.0,0.0
3907,0.5046903491020203,2.0
3908,0.4741962254047394,-1.9741744995117188
3909,0.0,0.0
3910,0.0,0.0
3911,0.6821152567863464,0.683580756187439
3912,0.9672744274139404,-14.253906488418579
3913,0.0,0.0
3914,0.0,0.0
3915,0.6055068373680115,2.0
3916,0.41802841424942017,1.1051428318023682
3917,0.4536534547805786,0.905646800994873
3918,0.5482653379440308,1.4595279693603516
3919,0.0,0.0
3920,0.0,0.0
3921,0.9541414380073547,2.0005369186401367
3922,0.9750150442123413,-3.073879837989807
3923,0.5916528701782227,2.0
3924,0.615855872631073,2.0
3925,0.0,0.0
3926,0.0,0.0
3927,0.0,0.0
3928,0.0,0.0
3929,0.0,0.0
3930,0.0,0.0
3931,0.5357760190963745,2.0
3932,0.0,0.0
3933,0.0,0.0
3934,0.0,0.0
3935,0.48143208026885986,2.0
3936,0.5110869407653809,2.0
3937,0.0,0.0
3938,0.649716854095459,0.7055096626281738
3939,0.4073643982410431,2.0
3940,0.0,0.0
3941,0.5614571571350098,2.0
3942,0.0,0.0
3943,0.5110869407653809,2.0
3944,1.0997660160064697,0.3832176923751831
3945,0.0,0.0
3946,0.7118352055549622,0.6876975297927856
3947,0.0,0.0
3948,0.0,0.0
3949,0.4458671808242798,1.1482503414154053
3950,0.0,0.0
3951,1.3264580965042114,-25.281527757644653
3952,1.3472760915756226,-8.077782154083252
3953,0.0,0.0
3954,0.48968246579170227,2.0
3955,0.0,0.0
3956,0.9601038694381714,2.010206699371338
3957,0.0,0.0
3958,0.4719415307044983,2.0
3959,0.6277153491973877,2.0
3960,0.7221159338951111,2.0
3961,0.0,0.0
3962,0.0,0.0
3963,0.0,0.0
3964,0.5181249976158142,-7.122920989990234
3965,0.0,0.0
3966,1.7021172046661377,-15.704190731048584
3967,0.0,0.0
3968,0.5585149526596069,2.0
3969,0.48252207040786743,-7.035987854003906
3970,0.0,0.0
3971,0.0,0.0
3972,1.144639253616333,-3.1341205835342407
3973,0.0,0.0
3974,0.6895636916160583,2.0
3975,0.0,0.0
3976,0.9466413259506226,-2.93256151676178
3977,0.0,0.0
3978,0.0,0.0
3979,1.4374011754989624,-3.8610007762908936
3980,0.0,0.0
3981,0.0,0.0
3982,0.5578376650810242,2.0
3983,0.0,0.0
3984,1.8046680688858032,-32.64464473724365
3985,0.4894941449165344,0.8119492530822754
3986,0.0,0.0
3987,0.0,0.0
3988,0.0,0.0
3989,0.0,0.0
3990,0.0,0.0
3991,0.6085020899772644,2.0
3992,0.41220206022262573,1.001465082168579
3993,0.0,0.0
3994,0.0,0.0
3995,0.0,0.0
3996,0.0,0.0
3997,0.0,0.0
3998,0.0,0.0
3999,2.4385738372802734,-105.97125339508057
4000,0.0,0.0
4001,0.0,0.0
4002,0.6257575750350952,2.0
4003,0.5457276701927185,2.0
4004,0.9685912728309631,1.729462742805481
4005,2.798365592956543,-112.53022193908691
4006,0.0,0.0
4007,0.0,0.0
4008,0.9934154748916626,-6.023592710494995
4009,0.0,0.0
4010,0.5167627930641174,2.0
4011,0.9049451947212219,0.5984237194061279
4012,0.0,0.0
4013,1.376767873764038,-32.42651391029358
4014,0.0,0.0
4015,0.6936743855476379,2.0
4016,1.4484758377075195,-16.136566162109375
4017,0.0,0.0
4018,0.0,0.0
4019,0.8852898478507996,2.0
4020,0.0,0.0
4021,2.2566707134246826,-60.64276123046875
4022,0.0,0.0
4023,1.2801294326782227,-8.020097970962524
4024,0.0,0.0
4025,0.0,0.0
4026,0.0,0.0
4027,0.4091115891933441,1.4303703308105469
4028,0.0,0.0
4029,0.4220117926597595,2.0
4030,0.0,0.0
4031,0.0,0.0
4032,0.40836891531944275,2.0
4033,0.0,0.0
4034,0.0,0.0
4035,0.0,0.0
4036,1.383765459060669,-24.096752882003784
4037,0.45077934861183167,0.8858059644699097
4038,0.0,0.0
4039,0.6331288814544678,-13.462539672851562
4040,0.46766701340675354,1.2168176174163818
4041,0.0,0.0
4042,0.45026102662086487,1.0081470012664795
4043,0.8387002348899841,2.0
4044,0.0,0.0
4045,0.4321911633014679,2.0
4046,1.0238010883331299,2.0364749431610107
4047,0.0,0.0
4048,1.0897459983825684,0.7169153690338135
4049,0.7908754944801331,-2.4923088550567627
4050,0.0,0.0
4051,0.0,0.0
4052,0.0,0.0
4053,0.0,0.0
4054,0.6149857044219971,2.0
4055,0.7742740511894226,2.0
4056,0.5233185887336731,0.8415811061859131
4057,0.0,0.0
4058,0.0,0.0
4059,0.0,0.0
4060,1.7461326122283936,-34.29657459259033
4061,0.0,0.0
4062,1.002699375152588,2.011695146560669
4063,0.4049227833747864,2.0
4064,1.452845811843872,-8.508486986160278
4065,0.0,0.0
4066,2.1362123489379883,-36.183714866638184
4067,0.0,0.0
4068,0.5536633729934692,2.0
4069,0.0,0.0
4070,0.0,0.0
4071,0.432731956243515,2.0
4072,0.0,0.0
4073,0.0,0.0
4074,0.41299426555633545,1.1725804805755615
4075,0.0,0.0
4076,0.5068337321281433,-1.982835292816162
4077,0.0,0.0
4078,0.0,0.0
4079,0.42707180976867676,-14.378396987915039
4080,0.5941606163978577,2.0
4081,0.0,0.0
4082,0.48197516798973083,2.0
4083,0.0,0.0
4084,0.0,0.0
4085,0.507681131362915,-2.025517702102661
4086,0.0,0.0
4087,0.0,0.0
4088,0.0,0.0
4089,0.0,0.0
4090,0.0,0.0
4091,0.0,0.0
4092,0.0,0.0
4093,0.42391884326934814,2.0
4094,0.0,0.0
4095,0.5301520824432373,-2.1539626121520996
