i,curv
0,2290.0
1,451.0
2,3053.0
3,2729.0
4,4037.0
5,3015.0
6,4273.0
7,88.0
8,0.0
9,3781.0
10,54.0
11,3.0
12,98.0
13,909.0
14,1396.0
15,3318.0
16,1703.0
17,1368.0
18,148.0
19,1013.0
20,1528.0
21,1683.0
22,209.0
23,884.0
24,1781.0
25,71.0
26,3455.0
27,24.0
28,1214.0
29,3658.0
30,3059.0
31,13.0
32,966.0
33,1314.0
34,214.0
35,379.0
36,437.0
37,3684.0
38,2103.0
39,921.0
40,0.0
41,0.0
42,271.0
43,2906.0
44,1911.0
45,961.0
46,448.0
47,1260.0
48,4155.0
49,2101.0
50,420.0
51,28.0
52,33.0
53,1424.0
54,2130.0
55,94.0
56,5876.0
57,3595.0
58,139.0
59,123.0
60,2483.0
61,0.0
62,455.0
63,1272.0
64,4.0
65,123.0
66,175.0
67,46.0
68,631.0
69,70.0
70,3108.0
71,1003.0
72,5616.0
73,3441.0
74,3272.0
75,514.0
76,676.0
77,62.0
78,1028.0
79,426.0
80,3593.0
81,14.0
82,293.0
83,5516.0
84,1446.0
85,2122.0
86,2194.0
87,29.0
88,787.0
89,1166.0
90,21.0
91,0.0
92,74.0
93,1491.0
94,1862.0
95,3050.0
96,287.0
97,1352.0
98,2705.0
99,159.0
100,4703.0
101,3375.0
102,1357.0
103,441.0
104,1771.0
105,897.0
106,81.0
107,1487.0
108,1363.0
109,1855.0
110,2138.0
111,444.0
112,6.0
113,857.0
114,502.0
115,1452.0
116,1255.0
117,70.0
118,1392.0
119,1180.0
120,803.0
121,1015.0
122,704.0
123,0.0
124,248.0
125,93.0
126,3219.0
127,193.0
128,3976.0
129,766.0
130,1289.0
131,335.0
132,2493.0
133,650.0
134,7.0
135,1793.0
136,0.0
137,1083.0
138,246.0
139,1235.0
140,3495.0
141,3407.0
142,1342.0
143,450.0
144,337.0
145,2464.0
146,492.0
147,137.0
148,2002.0
149,21.0
150,1931.0
151,2610.0
152,200.0
153,20.0
154,249.0
155,3667.0
156,3596.0
157,323.0
158,2723.0
159,2278.0
160,1381.0
161,0.0
162,581.0
163,1044.0
164,3394.0
165,11.0
166,940.0
167,6.0
168,175.0
169,1711.0
170,42.0
171,432.0
172,1267.0
173,823.0
174,0.0
175,758.0
176,0.0
177,2707.0
178,876.0
179,30.0
180,444.0
181,694.0
182,753.0
183,145.0
184,134.0
185,587.0
186,1888.0
187,112.0
188,3749.0
189,11.0
190,68.0
191,89.0
192,26.0
193,3356.0
194,1122.0
195,0.0
196,0.0
197,734.0
198,200.0
199,60.0
200,59.0
201,50.0
202,592.0
203,2.0
204,876.0
205,2073.0
206,465.0
207,1291.0
208,2094.0
209,0.0
210,7.0
211,1072.0
212,3335.0
213,3134.0
214,768.0
215,0.0
216,872.0
217,839.0
218,438.0
219,37.0
220,49.0
221,26.0
222,11.0
223,8.0
224,272.0
225,2752.0
226,678.0
227,223.0
228,760.0
229,0.0
230,601.0
231,1897.0
232,22.0
233,2537.0
234,0.0
235,2757.0
236,0.0
237,4.0
238,856.0
239,2763.0
240,50.0
241,590.0
242,772.0
243,594.0
244,1844.0
245,2032.0
246,165.0
247,851.0
248,842.0
249,617.0
250,137.0
251,2970.0
252,584.0
253,3852.0
254,2097.0
255,222.0
256,44.0
257,181.0
258,260.0
259,0.0
260,395.0
261,536.0
262,320.0
263,122.0
264,2.0
265,14.0
266,1169.0
267,0.0
268,2377.0
269,41.0
270,717.0
271,3967.0
272,1304.0
273,3144.0
274,1109.0
275,3966.0
276,3602.0
277,88.0
278,357.0
279,2446.0
280,415.0
281,1181.0
282,154.0
283,17.0
284,428.0
285,776.0
286,0.0
287,2956.0
288,2012.0
289,82.0
290,56.0
291,3822.0
292,1774.0
293,146.0
294,5024.0
295,48.0
296,6.0
297,4238.0
298,78.0
299,24.0
300,500.0
301,42.0
302,518.0
303,83.0
304,1171.0
305,599.0
306,393.0
307,623.0
308,14.0
309,811.0
310,3112.0
311,64.0
312,2676.0
313,49.0
314,275.0
315,1457.0
316,122.0
317,2195.0
318,1319.0
319,30.0
320,2408.0
321,776.0
322,1722.0
323,678.0
324,114.0
325,1704.0
326,13.0
327,1012.0
328,866.0
329,3.0
330,1887.0
331,4368.0
332,9.0
333,2089.0
334,0.0
335,20.0
336,1986.0
337,21.0
338,164.0
339,1146.0
340,14.0
341,2965.0
342,1599.0
343,1235.0
344,67.0
345,49.0
346,4000.0
347,0.0
348,2371.0
349,369.0
350,363.0
351,23.0
352,1085.0
353,406.0
354,56.0
355,1.0
356,710.0
357,891.0
358,1774.0
359,134.0
360,1170.0
361,414.0
362,99.0
363,739.0
364,313.0
365,4509.0
366,2255.0
367,2931.0
368,28.0
369,2991.0
370,45.0
371,874.0
372,1432.0
373,4046.0
374,2554.0
375,3044.0
376,1296.0
377,2628.0
378,803.0
379,311.0
380,746.0
381,4133.0
382,100.0
383,3246.0
384,0.0
385,72.0
386,36.0
387,433.0
388,74.0
389,760.0
390,6.0
391,411.0
392,5277.0
393,0.0
394,4.0
395,23.0
396,1859.0
397,3015.0
398,25.0
399,147.0
400,2510.0
401,41.0
402,3015.0
403,2174.0
404,1104.0
405,65.0
406,1856.0
407,795.0
408,2927.0
409,0.0
410,35.0
411,1.0
412,131.0
413,509.0
414,4629.0
415,4295.0
416,20.0
417,711.0
418,145.0
419,1.0
420,1160.0
421,767.0
422,1335.0
423,2490.0
424,5.0
425,118.0
426,398.0
427,168.0
428,8.0
429,1613.0
430,181.0
431,63.0
432,7.0
433,2414.0
434,2502.0
435,21.0
436,2137.0
437,128.0
438,0.0
439,3642.0
440,4467.0
441,15.0
442,3682.0
443,379.0
444,9.0
445,0.0
446,20.0
447,2814.0
448,266.0
449,1570.0
450,214.0
451,146.0
452,1044.0
453,9.0
454,2487.0
455,2123.0
456,10.0
457,3.0
458,1094.0
459,3.0
460,864.0
461,671.0
462,2.0
463,20.0
464,314.0
465,373.0
466,148.0
467,0.0
468,222.0
469,0.0
470,7.0
471,3209.0
472,4034.0
473,1313.0
474,1558.0
475,376.0
476,300.0
477,521.0
478,766.0
479,8.0
480,397.0
481,1092.0
482,914.0
483,56.0
484,0.0
485,31.0
486,1280.0
487,1624.0
488,115.0
489,1336.0
490,118.0
491,464.0
492,1520.0
493,10.0
494,3286.0
495,1598.0
496,171.0
497,43.0
498,41.0
499,1412.0
500,4.0
501,0.0
502,145.0
503,616.0
504,1691.0
505,725.0
506,195.0
507,3519.0
508,5652.0
509,36.0
510,1223.0
511,133.0
512,174.0
513,1266.0
514,153.0
515,5093.0
516,1337.0
517,658.0
518,1.0
519,626.0
520,97.0
521,0.0
522,343.0
523,8.0
524,702.0
525,710.0
526,366.0
527,3226.0
528,1296.0
529,165.0
530,3185.0
531,0.0
532,2206.0
533,2332.0
534,4661.0
535,2.0
536,1818.0
537,378.0
538,9.0
539,19.0
540,2174.0
541,92.0
542,938.0
543,68.0
544,2879.0
545,1191.0
546,135.0
547,5832.0
548,220.0
549,0.0
550,295.0
551,6.0
552,418.0
553,2979.0
554,4604.0
555,4441.0
556,12.0
557,270.0
558,601.0
559,1153.0
560,685.0
561,91.0
562,357.0
563,5.0
564,1298.0
565,16.0
566,330.0
567,2.0
568,0.0
569,7.0
570,669.0
571,171.0
572,65.0
573,118.0
574,553.0
575,672.0
576,692.0
577,1024.0
578,661.0
579,843.0
580,2025.0
581,56.0
582,2386.0
583,1283.0
584,4325.0
585,1613.0
586,218.0
587,260.0
588,151.0
589,505.0
590,24.0
591,52.0
592,409.0
593,0.0
594,824.0
595,264.0
596,3905.0
597,422.0
598,1104.0
599,2879.0
600,535.0
601,4527.0
602,2127.0
603,872.0
604,0.0
605,1432.0
606,271.0
607,0.0
608,83.0
609,441.0
610,1015.0
611,3629.0
612,2652.0
613,5785.0
614,255.0
615,583.0
616,206.0
617,75.0
618,1895.0
619,708.0
620,279.0
621,3.0
622,1438.0
623,3317.0
624,186.0
625,48.0
626,0.0
627,1571.0
628,3012.0
629,1663.0
630,174.0
631,75.0
632,57.0
633,1457.0
634,0.0
635,828.0
636,2914.0
637,3695.0
638,1.0
639,100.0
640,2606.0
641,501.0
642,1073.0
643,886.0
644,2.0
645,180.0
646,720.0
647,3595.0
648,3418.0
649,0.0
650,2572.0
651,1430.0
652,31.0
653,131.0
654,1913.0
655,4999.0
656,76.0
657,397.0
658,1673.0
659,96.0
660,2812.0
661,549.0
662,2987.0
663,71.0
664,784.0
665,2924.0
666,2977.0
667,1900.0
668,332.0
669,8.0
670,2.0
671,214.0
672,0.0
673,5587.0
674,457.0
675,600.0
676,520.0
677,524.0
678,2722.0
679,11.0
680,4565.0
681,465.0
682,1430.0
683,5.0
684,449.0
685,2786.0
686,162.0
687,1390.0
688,1346.0
689,26.0
690,711.0
691,3597.0
692,521.0
693,1112.0
694,2820.0
695,28.0
696,3776.0
697,393.0
698,667.0
699,704.0
700,1329.0
701,101.0
702,11.0
703,137.0
704,5.0
705,2171.0
706,80.0
707,1639.0
708,81.0
709,103.0
710,202.0
711,3058.0
712,302.0
713,3956.0
714,259.0
715,740.0
716,874.0
717,905.0
718,220.0
719,31.0
720,1055.0
721,3335.0
722,117.0
723,1246.0
724,4.0
725,176.0
726,1805.0
727,30.0
728,1628.0
729,1184.0
730,377.0
731,358.0
732,9.0
733,354.0
734,44.0
735,3620.0
736,0.0
737,65.0
738,28.0
739,271.0
740,2392.0
741,355.0
742,0.0
743,1554.0
744,193.0
745,3222.0
746,48.0
747,2149.0
748,1531.0
749,436.0
750,2093.0
751,781.0
752,1255.0
753,3156.0
754,4991.0
755,29.0
756,260.0
757,1281.0
758,0.0
759,594.0
760,0.0
761,704.0
762,59.0
763,259.0
764,226.0
765,388.0
766,1182.0
767,64.0
768,116.0
769,3058.0
770,5129.0
771,4760.0
772,3377.0
773,128.0
774,68.0
775,348.0
776,208.0
777,1338.0
778,1681.0
779,373.0
780,3307.0
781,444.0
782,3149.0
783,97.0
784,4442.0
785,195.0
786,228.0
787,45.0
788,858.0
789,1714.0
790,408.0
791,102.0
792,1172.0
793,562.0
794,117.0
795,1842.0
796,875.0
797,3102.0
798,2740.0
799,6.0
800,573.0
801,447.0
802,1488.0
803,307.0
804,158.0
805,1276.0
806,1606.0
807,259.0
808,250.0
809,111.0
810,655.0
811,696.0
812,2711.0
813,785.0
814,1187.0
815,4064.0
816,145.0
817,0.0
818,2810.0
819,0.0
820,57.0
821,100.0
822,794.0
823,360.0
824,265.0
825,344.0
826,684.0
827,645.0
828,335.0
829,57.0
830,1285.0
831,2282.0
832,2273.0
833,392.0
834,418.0
835,976.0
836,256.0
837,20.0
838,1295.0
839,56.0
840,391.0
841,42.0
842,791.0
843,0.0
844,13.0
845,99.0
846,251.0
847,3574.0
848,79.0
849,2891.0
850,666.0
851,2382.0
852,2942.0
853,53.0
854,21.0
855,2111.0
856,159.0
857,788.0
858,293.0
859,1814.0
860,3008.0
861,577.0
862,2127.0
863,3946.0
864,3641.0
865,21.0
866,31.0
867,487.0
868,1.0
869,19.0
870,1095.0
871,197.0
872,2306.0
873,2389.0
874,271.0
875,3933.0
876,137.0
877,2803.0
878,1173.0
879,492.0
880,1370.0
881,212.0
882,24.0
883,81.0
884,343.0
885,63.0
886,1088.0
887,3173.0
888,323.0
889,2418.0
890,688.0
891,4091.0
892,3995.0
893,38.0
894,10.0
895,148.0
896,2620.0
897,577.0
898,3494.0
899,1055.0
900,4253.0
901,3195.0
902,5.0
903,43.0
904,253.0
905,1787.0
906,524.0
907,2877.0
908,43.0
909,38.0
910,1697.0
911,279.0
912,1699.0
913,1560.0
914,332.0
915,3370.0
916,302.0
917,295.0
918,516.0
919,3588.0
920,31.0
921,399.0
922,2625.0
923,2.0
924,84.0
925,2063.0
926,216.0
927,1166.0
928,4738.0
929,151.0
930,0.0
931,1175.0
932,3215.0
933,2959.0
934,973.0
935,2691.0
936,517.0
937,3194.0
938,1140.0
939,684.0
940,819.0
941,36.0
942,1589.0
943,1219.0
944,67.0
945,2995.0
946,40.0
947,1164.0
948,251.0
949,3303.0
950,350.0
951,37.0
952,4370.0
953,213.0
954,3961.0
955,7.0
956,992.0
957,390.0
958,1687.0
959,2459.0
960,2960.0
961,21.0
962,0.0
963,278.0
964,971.0
965,872.0
966,4167.0
967,1715.0
968,305.0
969,45.0
970,3995.0
971,1079.0
972,0.0
973,355.0
974,1555.0
975,642.0
976,70.0
977,38.0
978,230.0
979,4.0
980,1331.0
981,601.0
982,69.0
983,765.0
984,540.0
985,4881.0
986,291.0
987,119.0
988,3182.0
989,0.0
990,1118.0
991,0.0
992,490.0
993,1606.0
994,454.0
995,4.0
996,739.0
997,70.0
998,878.0
999,0.0
1000,1140.0
1001,1093.0
1002,2894.0
1003,3933.0
1004,281.0
1005,224.0
1006,52.0
1007,37.0
1008,1.0
1009,229.0
1010,535.0
1011,615.0
1012,1426.0
1013,2894.0
1014,1672.0
1015,132.0
1016,223.0
1017,10.0
1018,2063.0
1019,771.0
1020,2.0
1021,1926.0
1022,0.0
1023,933.0
1024,26.0
1025,111.0
1026,857.0
1027,0.0
1028,944.0
1029,629.0
1030,1475.0
1031,911.0
1032,1318.0
1033,8.0
1034,871.0
1035,322.0
1036,822.0
1037,1458.0
1038,825.0
1039,0.0
1040,2432.0
1041,724.0
1042,6.0
1043,4224.0
1044,266.0
1045,4164.0
1046,35.0
1047,3558.0
1048,0.0
1049,466.0
1050,1604.0
1051,1868.0
1052,976.0
1053,135.0
1054,1236.0
1055,471.0
1056,158.0
1057,0.0
1058,48.0
1059,73.0
1060,249.0
1061,2206.0
1062,279.0
1063,1136.0
1064,3378.0
1065,186.0
1066,576.0
1067,655.0
1068,1167.0
1069,2469.0
1070,1439.0
1071,127.0
1072,1960.0
1073,0.0
1074,97.0
1075,4282.0
1076,697.0
1077,2937.0
1078,4221.0
1079,3004.0
1080,682.0
1081,3309.0
1082,531.0
1083,2679.0
1084,364.0
1085,2031.0
1086,24.0
1087,3201.0
1088,296.0
1089,111.0
1090,54.0
1091,3351.0
1092,281.0
1093,1896.0
1094,0.0
1095,2436.0
1096,892.0
1097,2247.0
1098,0.0
1099,2398.0
1100,94.0
1101,6.0
1102,988.0
1103,8.0
1104,705.0
1105,1987.0
1106,607.0
1107,0.0
1108,15.0
1109,1190.0
1110,336.0
1111,2179.0
1112,916.0
1113,371.0
1114,452.0
1115,4545.0
1116,1456.0
1117,4728.0
1118,3.0
1119,0.0
1120,11.0
1121,0.0
1122,0.0
1123,1821.0
1124,116.0
1125,212.0
1126,172.0
1127,74.0
1128,135.0
1129,2781.0
1130,1217.0
1131,3026.0
1132,4806.0
1133,48.0
1134,3016.0
1135,214.0
1136,0.0
1137,689.0
1138,82.0
1139,3913.0
1140,1210.0
1141,1956.0
1142,1.0
1143,2283.0
1144,230.0
1145,0.0
1146,0.0
1147,1227.0
1148,0.0
1149,1638.0
1150,14.0
1151,254.0
1152,4298.0
1153,665.0
1154,292.0
1155,4306.0
1156,4686.0
1157,594.0
1158,0.0
1159,190.0
1160,1168.0
1161,3022.0
1162,33.0
1163,2621.0
1164,2448.0
1165,0.0
1166,691.0
1167,1839.0
1168,33.0
1169,149.0
1170,270.0
1171,1501.0
1172,1098.0
1173,32.0
1174,3354.0
1175,5.0
1176,82.0
1177,31.0
1178,173.0
1179,1835.0
1180,193.0
1181,789.0
1182,249.0
1183,66.0
1184,5393.0
1185,70.0
1186,450.0
1187,118.0
1188,8.0
1189,3240.0
1190,305.0
1191,4012.0
1192,4584.0
1193,4506.0
1194,18.0
1195,57.0
1196,3156.0
1197,1334.0
1198,1553.0
1199,687.0
1200,1142.0
1201,226.0
1202,5.0
1203,712.0
1204,0.0
1205,581.0
1206,954.0
1207,3875.0
1208,534.0
1209,266.0
1210,787.0
1211,70.0
1212,753.0
1213,2647.0
1214,2240.0
1215,297.0
1216,0.0
1217,2707.0
1218,16.0
1219,3359.0
1220,246.0
1221,83.0
1222,3399.0
1223,576.0
1224,2464.0
1225,0.0
1226,2.0
1227,14.0
1228,3345.0
1229,1531.0
1230,165.0
1231,3492.0
1232,3427.0
1233,3249.0
1234,2999.0
1235,82.0
1236,2948.0
1237,182.0
1238,1992.0
1239,1136.0
1240,1858.0
1241,1014.0
1242,987.0
1243,199.0
1244,0.0
1245,542.0
1246,955.0
1247,326.0
1248,1346.0
1249,2294.0
1250,2647.0
1251,3627.0
1252,3942.0
1253,171.0
1254,81.0
1255,506.0
1256,3575.0
1257,2778.0
1258,122.0
1259,1484.0
1260,80.0
1261,706.0
1262,0.0
1263,163.0
1264,471.0
1265,42.0
1266,4938.0
1267,136.0
1268,2341.0
1269,456.0
1270,59.0
1271,3438.0
1272,2701.0
1273,0.0
1274,3830.0
1275,24.0
1276,343.0
1277,29.0
1278,1294.0
1279,300.0
1280,265.0
1281,290.0
1282,1052.0
1283,2965.0
1284,574.0
1285,2.0
1286,86.0
1287,62.0
1288,1055.0
1289,70.0
1290,581.0
1291,231.0
1292,156.0
1293,534.0
1294,931.0
1295,613.0
1296,31.0
1297,412.0
1298,147.0
1299,25.0
1300,1750.0
1301,168.0
1302,1595.0
1303,3609.0
1304,469.0
1305,1678.0
1306,60.0
1307,4013.0
1308,7.0
1309,113.0
1310,0.0
1311,5.0
1312,28.0
1313,1675.0
1314,2467.0
1315,507.0
1316,591.0
1317,5014.0
1318,502.0
1319,377.0
1320,3221.0
1321,72.0
1322,3486.0
1323,6.0
1324,0.0
1325,272.0
1326,808.0
1327,175.0
1328,5.0
1329,55.0
1330,8.0
1331,1069.0
1332,183.0
1333,96.0
1334,0.0
1335,122.0
1336,1302.0
1337,1702.0
1338,1590.0
1339,74.0
1340,2060.0
1341,25.0
1342,656.0
1343,32.0
1344,977.0
1345,279.0
1346,259.0
1347,961.0
1348,194.0
1349,0.0
1350,4521.0
1351,2592.0
1352,1725.0
1353,3382.0
1354,1817.0
1355,4376.0
1356,128.0
1357,56.0
1358,391.0
1359,765.0
1360,1047.0
1361,737.0
1362,178.0
1363,1991.0
1364,818.0
1365,0.0
1366,452.0
1367,81.0
1368,345.0
1369,53.0
1370,4185.0
1371,2849.0
1372,3167.0
1373,3605.0
1374,5.0
1375,3394.0
1376,0.0
1377,536.0
1378,341.0
1379,10.0
1380,179.0
1381,2161.0
1382,1465.0
1383,12.0
1384,2549.0
1385,2511.0
1386,3660.0
1387,1957.0
1388,77.0
1389,12.0
1390,702.0
1391,37.0
1392,200.0
1393,772.0
1394,0.0
1395,2011.0
1396,741.0
1397,3786.0
1398,198.0
1399,1646.0
1400,3688.0
1401,3738.0
1402,83.0
1403,277.0
1404,2254.0
1405,171.0
1406,114.0
1407,318.0
1408,3848.0
1409,65.0
1410,611.0
1411,3137.0
1412,2406.0
1413,7.0
1414,968.0
1415,28.0
1416,115.0
1417,305.0
1418,0.0
1419,2264.0
1420,1942.0
1421,1317.0
1422,984.0
1423,3597.0
1424,3064.0
1425,3237.0
1426,1277.0
1427,2778.0
1428,47.0
1429,2967.0
1430,63.0
1431,2315.0
1432,3455.0
1433,771.0
1434,63.0
1435,606.0
1436,1857.0
1437,3761.0
1438,336.0
1439,684.0
1440,13.0
1441,3368.0
1442,403.0
1443,1614.0
1444,24.0
1445,367.0
1446,45.0
1447,2262.0
1448,497.0
1449,2421.0
1450,0.0
1451,183.0
1452,63.0
1453,5268.0
1454,1726.0
1455,0.0
1456,3015.0
1457,196.0
1458,10.0
1459,94.0
1460,1101.0
1461,1235.0
1462,34.0
1463,533.0
1464,372.0
1465,2590.0
1466,673.0
1467,353.0
1468,2751.0
1469,51.0
1470,124.0
1471,1027.0
1472,2341.0
1473,264.0
1474,5355.0
1475,36.0
1476,88.0
1477,2812.0
1478,49.0
1479,28.0
1480,316.0
1481,436.0
1482,1726.0
1483,1904.0
1484,635.0
1485,3051.0
1486,1496.0
1487,72.0
1488,3869.0
1489,225.0
1490,10.0
1491,1307.0
1492,0.0
1493,764.0
1494,86.0
1495,2136.0
1496,1207.0
1497,0.0
1498,3565.0
1499,20.0
1500,1637.0
1501,4061.0
1502,4476.0
1503,833.0
1504,2027.0
1505,2683.0
1506,0.0
1507,198.0
1508,583.0
1509,2577.0
1510,1.0
1511,3236.0
1512,1153.0
1513,114.0
1514,415.0
1515,0.0
1516,18.0
1517,166.0
1518,311.0
1519,75.0
1520,328.0
1521,933.0
1522,8.0
1523,3628.0
1524,533.0
1525,447.0
1526,504.0
1527,1585.0
1528,1396.0
1529,224.0
1530,264.0
1531,52.0
1532,403.0
1533,379.0
1534,78.0
1535,413.0
1536,0.0
1537,269.0
1538,46.0
1539,3491.0
1540,226.0
1541,2081.0
1542,2412.0
1543,418.0
1544,3180.0
1545,0.0
1546,24.0
1547,101.0
1548,8.0
1549,4989.0
1550,1001.0
1551,0.0
1552,581.0
1553,137.0
1554,3142.0
1555,46.0
1556,930.0
1557,1464.0
1558,3064.0
1559,292.0
1560,427.0
1561,329.0
1562,3867.0
1563,2786.0
1564,386.0
1565,451.0
1566,0.0
1567,152.0
1568,116.0
1569,4573.0
1570,1133.0
1571,58.0
1572,1185.0
1573,3873.0
1574,545.0
1575,95.0
1576,5017.0
1577,108.0
1578,1641.0
1579,368.0
1580,3137.0
1581,39.0
1582,747.0
1583,97.0
1584,148.0
1585,63.0
1586,129.0
1587,1438.0
1588,247.0
1589,1062.0
1590,4193.0
1591,994.0
1592,163.0
1593,92.0
1594,658.0
1595,332.0
1596,5060.0
1597,121.0
1598,751.0
1599,3257.0
1600,0.0
1601,1617.0
1602,1153.0
1603,1212.0
1604,2427.0
1605,2864.0
1606,1225.0
1607,3600.0
1608,169.0
1609,503.0
1610,1893.0
1611,15.0
1612,2822.0
1613,1156.0
1614,717.0
1615,1985.0
1616,1271.0
1617,4314.0
1618,1.0
1619,1360.0
1620,3692.0
1621,83.0
1622,231.0
1623,1110.0
1624,87.0
1625,3239.0
1626,3535.0
1627,0.0
1628,923.0
1629,1894.0
1630,0.0
1631,88.0
1632,4521.0
1633,626.0
1634,254.0
1635,3076.0
1636,43.0
1637,0.0
1638,175.0
1639,1538.0
1640,1228.0
1641,0.0
1642,35.0
1643,135.0
1644,0.0
1645,38.0
1646,1631.0
1647,4212.0
1648,1912.0
1649,4675.0
1650,938.0
1651,2714.0
1652,26.0
1653,857.0
1654,3618.0
1655,227.0
1656,4.0
1657,161.0
1658,452.0
1659,1676.0
1660,8.0
1661,770.0
1662,326.0
1663,109.0
1664,376.0
1665,735.0
1666,2739.0
1667,3153.0
1668,42.0
1669,660.0
1670,108.0
1671,6.0
1672,5.0
1673,842.0
1674,0.0
1675,0.0
1676,333.0
1677,859.0
1678,3601.0
1679,4760.0
1680,2.0
1681,464.0
1682,69.0
1683,1843.0
1684,4733.0
1685,755.0
1686,75.0
1687,533.0
1688,1862.0
1689,6.0
1690,3517.0
1691,1072.0
1692,830.0
1693,3406.0
1694,1516.0
1695,105.0
1696,461.0
1697,0.0
1698,39.0
1699,1674.0
1700,4055.0
1701,302.0
1702,1909.0
1703,368.0
1704,2592.0
1705,1667.0
1706,52.0
1707,144.0
1708,820.0
1709,0.0
1710,289.0
1711,2903.0
1712,57.0
1713,3665.0
1714,2777.0
1715,2102.0
1716,1715.0
1717,261.0
1718,26.0
1719,197.0
1720,116.0
1721,13.0
1722,105.0
1723,1263.0
1724,313.0
1725,140.0
1726,686.0
1727,391.0
1728,295.0
1729,600.0
1730,1421.0
1731,0.0
1732,1.0
1733,1895.0
1734,587.0
1735,3027.0
1736,1558.0
1737,256.0
1738,331.0
1739,2.0
1740,1674.0
1741,1685.0
1742,16.0
1743,1138.0
1744,305.0
1745,940.0
1746,462.0
1747,114.0
1748,41.0
1749,3650.0
1750,0.0
1751,0.0
1752,293.0
1753,60.0
1754,2015.0
1755,384.0
1756,4.0
1757,155.0
1758,419.0
1759,4771.0
1760,0.0
1761,37.0
1762,560.0
1763,893.0
1764,80.0
1765,574.0
1766,934.0
1767,115.0
1768,1717.0
1769,410.0
1770,410.0
1771,5.0
1772,2733.0
1773,2094.0
1774,85.0
1775,149.0
1776,556.0
1777,2817.0
1778,816.0
1779,2966.0
1780,2442.0
1781,556.0
1782,369.0
1783,647.0
1784,263.0
1785,461.0
1786,3936.0
1787,164.0
1788,567.0
1789,3.0
1790,9.0
1791,336.0
1792,860.0
1793,1903.0
1794,371.0
1795,399.0
1796,1448.0
1797,4839.0
1798,249.0
1799,746.0
1800,1837.0
1801,38.0
1802,2690.0
1803,129.0
1804,452.0
1805,4605.0
1806,5182.0
1807,4743.0
1808,0.0
1809,536.0
1810,0.0
1811,716.0
1812,3726.0
1813,1184.0
1814,74.0
1815,691.0
1816,2122.0
1817,2665.0
1818,2820.0
1819,36.0
1820,1931.0
1821,2019.0
1822,251.0
1823,1763.0
1824,67.0
1825,34.0
1826,2029.0
1827,2330.0
1828,84.0
1829,4648.0
1830,18.0
1831,120.0
1832,219.0
1833,126.0
1834,146.0
1835,159.0
1836,1323.0
1837,1645.0
1838,2854.0
1839,2466.0
1840,213.0
1841,29.0
1842,197.0
1843,0.0
1844,155.0
1845,1324.0
1846,331.0
1847,258.0
1848,838.0
1849,2.0
1850,58.0
1851,0.0
1852,304.0
1853,0.0
1854,3993.0
1855,1522.0
1856,1346.0
1857,81.0
1858,234.0
1859,889.0
1860,57.0
1861,0.0
1862,1518.0
1863,49.0
1864,2324.0
1865,86.0
1866,363.0
1867,1101.0
1868,2008.0
1869,143.0
1870,1557.0
1871,126.0
1872,1822.0
1873,148.0
1874,506.0
1875,2843.0
1876,19.0
1877,0.0
1878,442.0
1879,110.0
1880,3948.0
1881,702.0
1882,207.0
1883,412.0
1884,1533.0
1885,1459.0
1886,1066.0
1887,2041.0
1888,4124.0
1889,2003.0
1890,539.0
1891,407.0
1892,178.0
1893,131.0
1894,1889.0
1895,2566.0
1896,23.0
1897,2236.0
1898,2437.0
1899,1641.0
1900,1.0
1901,1166.0
1902,63.0
1903,2148.0
1904,824.0
1905,763.0
1906,974.0
1907,622.0
1908,657.0
1909,8.0
1910,2227.0
1911,294.0
1912,1094.0
1913,0.0
1914,120.0
1915,46.0
1916,99.0
1917,2214.0
1918,1.0
1919,160.0
1920,4039.0
1921,760.0
1922,1381.0
1923,794.0
1924,2258.0
1925,212.0
1926,512.0
1927,2.0
1928,121.0
1929,852.0
1930,43.0
1931,79.0
1932,1064.0
1933,221.0
1934,124.0
1935,1696.0
1936,1888.0
1937,1142.0
1938,156.0
1939,240.0
1940,2160.0
1941,2739.0
1942,3209.0
1943,2582.0
1944,1005.0
1945,0.0
1946,1047.0
1947,794.0
1948,50.0
1949,813.0
1950,1229.0
1951,19.0
1952,267.0
1953,1.0
1954,308.0
1955,449.0
1956,2214.0
1957,1912.0
1958,1.0
1959,1282.0
1960,2240.0
1961,2750.0
1962,1260.0
1963,1093.0
1964,2572.0
1965,701.0
1966,105.0
1967,3713.0
1968,3762.0
1969,252.0
1970,760.0
1971,107.0
1972,3462.0
1973,4209.0
1974,1976.0
1975,258.0
1976,501.0
1977,426.0
1978,123.0
1979,2931.0
1980,163.0
1981,496.0
1982,13.0
1983,490.0
1984,2141.0
1985,4735.0
1986,994.0
1987,2391.0
1988,3322.0
1989,531.0
1990,519.0
1991,2595.0
1992,671.0
1993,0.0
1994,83.0
1995,0.0
1996,35.0
1997,496.0
1998,853.0
1999,1355.0
2000,48.0
2001,221.0
2002,0.0
2003,3285.0
2004,3448.0
2005,3550.0
2006,602.0
2007,406.0
2008,3368.0
2009,153.0
2010,1856.0
2011,3664.0
2012,3393.0
2013,4356.0
2014,2135.0
2015,973.0
2016,1776.0
2017,4945.0
2018,2341.0
2019,0.0
2020,391.0
2021,98.0
2022,943.0
2023,576.0
2024,167.0
2025,5175.0
2026,0.0
2027,166.0
2028,963.0
2029,3886.0
2030,15.0
2031,2904.0
2032,346.0
2033,299.0
2034,4103.0
2035,3742.0
2036,586.0
2037,112.0
2038,958.0
2039,4.0
2040,746.0
2041,4328.0
2042,125.0
2043,1157.0
2044,1132.0
2045,1487.0
2046,178.0
2047,805.0
2048,906.0
2049,67.0
2050,815.0
2051,3255.0
2052,15.0
2053,604.0
2054,121.0
2055,183.0
2056,327.0
2057,4324.0
2058,1314.0
2059,4361.0
2060,288.0
2061,48.0
2062,4466.0
2063,30.0
2064,17.0
2065,2171.0
2066,3099.0
2067,760.0
2068,0.0
2069,1166.0
2070,718.0
2071,8.0
2072,1281.0
2073,0.0
2074,0.0
2075,2726.0
2076,13.0
2077,242.0
2078,728.0
2079,619.0
2080,1525.0
2081,4.0
2082,527.0
2083,973.0
2084,0.0
2085,3651.0
2086,45.0
2087,1426.0
2088,2677.0
2089,154.0
2090,1192.0
2091,41.0
2092,1834.0
2093,621.0
2094,595.0
2095,573.0
2096,1776.0
2097,2837.0
2098,155.0
2099,10.0
2100,1310.0
2101,119.0
2102,0.0
2103,1646.0
2104,363.0
2105,0.0
2106,3288.0
2107,72.0
2108,433.0
2109,28.0
2110,47.0
2111,1664.0
2112,624.0
2113,377.0
2114,386.0
2115,4723.0
2116,1089.0
2117,2218.0
2118,472.0
2119,3584.0
2120,287.0
2121,294.0
2122,2606.0
2123,321.0
2124,3677.0
2125,749.0
2126,4614.0
2127,65.0
2128,179.0
2129,3559.0
2130,0.0
2131,2697.0
2132,62.0
2133,253.0
2134,350.0
2135,1963.0
2136,2281.0
2137,1820.0
2138,446.0
2139,2.0
2140,3544.0
2141,5286.0
2142,106.0
2143,857.0
2144,32.0
2145,5103.0
2146,46.0
2147,2295.0
2148,692.0
2149,348.0
2150,24.0
2151,898.0
2152,1037.0
2153,165.0
2154,76.0
2155,3338.0
2156,204.0
2157,16.0
2158,1104.0
2159,1350.0
2160,2747.0
2161,86.0
2162,324.0
2163,900.0
2164,0.0
2165,1365.0
2166,2842.0
2167,3924.0
2168,1961.0
2169,3561.0
2170,948.0
2171,2.0
2172,71.0
2173,3085.0
2174,0.0
2175,2639.0
2176,3845.0
2177,1394.0
2178,2090.0
2179,814.0
2180,390.0
2181,1048.0
2182,0.0
2183,780.0
2184,1645.0
2185,1817.0
2186,2797.0
2187,207.0
2188,561.0
2189,128.0
2190,4280.0
2191,302.0
2192,3.0
2193,18.0
2194,1678.0
2195,256.0
2196,1041.0
2197,603.0
2198,1039.0
2199,83.0
2200,73.0
2201,299.0
2202,1225.0
2203,427.0
2204,626.0
2205,550.0
2206,2006.0
2207,1692.0
2208,2495.0
2209,3690.0
2210,1014.0
2211,169.0
2212,4940.0
2213,387.0
2214,329.0
2215,17.0
2216,2069.0
2217,992.0
2218,116.0
2219,1114.0
2220,0.0
2221,3552.0
2222,190.0
2223,215.0
2224,1495.0
2225,33.0
2226,445.0
2227,2630.0
2228,1050.0
2229,1274.0
2230,2.0
2231,198.0
2232,372.0
2233,1057.0
2234,31.0
2235,22.0
2236,143.0
2237,24.0
2238,2332.0
2239,55.0
2240,3388.0
2241,2851.0
2242,770.0
2243,2276.0
2244,75.0
2245,70.0
2246,1109.0
2247,2860.0
2248,3001.0
2249,2919.0
2250,269.0
2251,22.0
2252,1040.0
2253,3423.0
2254,192.0
2255,0.0
2256,68.0
2257,1296.0
2258,104.0
2259,986.0
2260,1851.0
2261,744.0
2262,2.0
2263,22.0
2264,351.0
2265,1824.0
2266,4163.0
2267,2571.0
2268,3390.0
2269,918.0
2270,3303.0
2271,438.0
2272,3060.0
2273,4552.0
2274,3240.0
2275,115.0
2276,182.0
2277,993.0
2278,290.0
2279,1681.0
2280,1372.0
2281,893.0
2282,212.0
2283,552.0
2284,192.0
2285,189.0
2286,786.0
2287,5.0
2288,14.0
2289,2303.0
2290,9.0
2291,103.0
2292,0.0
2293,861.0
2294,542.0
2295,1470.0
2296,1404.0
2297,61.0
2298,413.0
2299,7.0
2300,366.0
2301,2701.0
2302,5.0
2303,471.0
2304,2054.0
2305,3274.0
2306,1720.0
2307,1012.0
2308,365.0
2309,3902.0
2310,485.0
2311,2460.0
2312,188.0
2313,135.0
2314,209.0
2315,85.0
2316,951.0
2317,4577.0
2318,1534.0
2319,35.0
2320,1.0
2321,2095.0
2322,4000.0
2323,2438.0
2324,950.0
2325,175.0
2326,626.0
2327,4045.0
2328,2545.0
2329,1001.0
2330,0.0
2331,4311.0
2332,1222.0
2333,3813.0
2334,2844.0
2335,1460.0
2336,2843.0
2337,6441.0
2338,3.0
2339,2839.0
2340,3122.0
2341,1663.0
2342,469.0
2343,1901.0
2344,192.0
2345,236.0
2346,153.0
2347,2731.0
2348,70.0
2349,1265.0
2350,3182.0
2351,122.0
2352,32.0
2353,70.0
2354,1174.0
2355,1552.0
2356,394.0
2357,273.0
2358,27.0
2359,5213.0
2360,4704.0
2361,3850.0
2362,16.0
2363,11.0
2364,26.0
2365,640.0
2366,920.0
2367,342.0
2368,681.0
2369,269.0
2370,38.0
2371,30.0
2372,2202.0
2373,17.0
2374,4024.0
2375,1978.0
2376,1255.0
2377,7.0
2378,907.0
2379,2592.0
2380,2288.0
2381,8.0
2382,0.0
2383,59.0
2384,516.0
2385,688.0
2386,2018.0
2387,753.0
2388,3.0
2389,1124.0
2390,1523.0
2391,137.0
2392,131.0
2393,19.0
2394,997.0
2395,7.0
2396,725.0
2397,224.0
2398,76.0
2399,10.0
2400,0.0
2401,2292.0
2402,1951.0
2403,1459.0
2404,601.0
2405,61.0
2406,11.0
2407,753.0
2408,58.0
2409,554.0
2410,2206.0
2411,1063.0
2412,0.0
2413,1614.0
2414,0.0
2415,78.0
2416,5.0
2417,1621.0
2418,691.0
2419,3063.0
2420,1539.0
2421,57.0
2422,362.0
2423,2058.0
2424,535.0
2425,786.0
2426,3086.0
2427,291.0
2428,895.0
2429,88.0
2430,412.0
2431,94.0
2432,13.0
2433,58.0
2434,3733.0
2435,87.0
2436,547.0
2437,215.0
2438,572.0
2439,11.0
2440,2420.0
2441,3590.0
2442,597.0
2443,3614.0
2444,318.0
2445,588.0
2446,1744.0
2447,24.0
2448,379.0
2449,1661.0
2450,138.0
2451,4606.0
2452,95.0
2453,752.0
2454,1422.0
2455,584.0
2456,0.0
2457,828.0
2458,1144.0
2459,1666.0
2460,1897.0
2461,2405.0
2462,15.0
2463,358.0
2464,1038.0
2465,42.0
2466,322.0
2467,621.0
2468,1237.0
2469,145.0
2470,3867.0
2471,903.0
2472,36.0
2473,1205.0
2474,388.0
2475,15.0
2476,180.0
2477,245.0
2478,0.0
2479,2638.0
2480,3007.0
2481,1182.0
2482,54.0
2483,1023.0
2484,1308.0
2485,2285.0
2486,320.0
2487,164.0
2488,4282.0
2489,430.0
2490,201.0
2491,752.0
2492,47.0
2493,1308.0
2494,1371.0
2495,1584.0
2496,0.0
2497,1514.0
2498,0.0
2499,2749.0
2500,169.0
2501,1173.0
2502,1048.0
2503,1000.0
2504,362.0
2505,1001.0
2506,217.0
2507,7.0
2508,1250.0
2509,4.0
2510,22.0
2511,452.0
2512,20.0
2513,373.0
2514,1271.0
2515,11.0
2516,3238.0
2517,1592.0
2518,0.0
2519,327.0
2520,3212.0
2521,2322.0
2522,4010.0
2523,145.0
2524,441.0
2525,239.0
2526,417.0
2527,462.0
2528,1836.0
2529,863.0
2530,35.0
2531,346.0
2532,4.0
2533,11.0
2534,0.0
2535,94.0
2536,882.0
2537,11.0
2538,2306.0
2539,34.0
2540,2366.0
2541,2777.0
2542,4557.0
2543,1512.0
2544,790.0
2545,12.0
2546,116.0
2547,2474.0
2548,228.0
2549,1197.0
2550,663.0
2551,1147.0
2552,12.0
2553,1234.0
2554,69.0
2555,6.0
2556,0.0
2557,219.0
2558,6.0
2559,11.0
2560,1432.0
2561,11.0
2562,33.0
2563,1062.0
2564,1450.0
2565,1698.0
2566,30.0
2567,30.0
2568,3973.0
2569,1858.0
2570,909.0
2571,3050.0
2572,6.0
2573,324.0
2574,343.0
2575,0.0
2576,2400.0
2577,22.0
2578,11.0
2579,1276.0
2580,2.0
2581,187.0
2582,3601.0
2583,914.0
2584,673.0
2585,1336.0
2586,0.0
2587,371.0
2588,442.0
2589,62.0
2590,2679.0
2591,0.0
2592,2387.0
2593,44.0
2594,1294.0
2595,3250.0
2596,656.0
2597,9.0
2598,2973.0
2599,1829.0
2600,1181.0
2601,2.0
2602,488.0
2603,3575.0
2604,3605.0
2605,695.0
2606,81.0
2607,189.0
2608,1342.0
2609,451.0
2610,29.0
2611,2363.0
2612,3199.0
2613,1480.0
2614,64.0
2615,2457.0
2616,55.0
2617,1145.0
2618,806.0
2619,133.0
2620,222.0
2621,1034.0
2622,496.0
2623,31.0
2624,584.0
2625,41.0
2626,14.0
2627,530.0
2628,4356.0
2629,1935.0
2630,109.0
2631,404.0
2632,695.0
2633,462.0
2634,1535.0
2635,2470.0
2636,2398.0
2637,1044.0
2638,1478.0
2639,3000.0
2640,740.0
2641,32.0
2642,2868.0
2643,960.0
2644,512.0
2645,280.0
2646,167.0
2647,51.0
2648,3361.0
2649,115.0
2650,8.0
2651,123.0
2652,156.0
2653,666.0
2654,1774.0
2655,982.0
2656,95.0
2657,5074.0
2658,2383.0
2659,542.0
2660,1065.0
2661,93.0
2662,453.0
2663,1389.0
2664,233.0
2665,835.0
2666,462.0
2667,0.0
2668,524.0
2669,2743.0
2670,1936.0
2671,1868.0
2672,1800.0
2673,4656.0
2674,0.0
2675,643.0
2676,3820.0
2677,29.0
2678,59.0
2679,1160.0
2680,0.0
2681,101.0
2682,108.0
2683,0.0
2684,956.0
2685,760.0
2686,288.0
2687,802.0
2688,4599.0
2689,195.0
2690,412.0
2691,386.0
2692,3939.0
2693,591.0
2694,2.0
2695,3910.0
2696,1729.0
2697,1852.0
2698,2243.0
2699,3532.0
2700,2871.0
2701,457.0
2702,1031.0
2703,207.0
2704,98.0
2705,1040.0
2706,4308.0
2707,571.0
2708,192.0
2709,43.0
2710,40.0
2711,57.0
2712,166.0
2713,2550.0
2714,1720.0
2715,1925.0
2716,4429.0
2717,2759.0
2718,4305.0
2719,30.0
2720,285.0
2721,4044.0
2722,1030.0
2723,233.0
2724,422.0
2725,119.0
2726,420.0
2727,1784.0
2728,786.0
2729,37.0
2730,4249.0
2731,2017.0
2732,184.0
2733,4049.0
2734,308.0
2735,40.0
2736,18.0
2737,1131.0
2738,1784.0
2739,1151.0
2740,41.0
2741,172.0
2742,2706.0
2743,4139.0
2744,679.0
2745,120.0
2746,2563.0
2747,97.0
2748,5102.0
2749,178.0
2750,357.0
2751,96.0
2752,1362.0
2753,14.0
2754,1313.0
2755,505.0
2756,2977.0
2757,0.0
2758,686.0
2759,3361.0
2760,2197.0
2761,2410.0
2762,342.0
2763,800.0
2764,811.0
2765,4065.0
2766,2232.0
2767,691.0
2768,117.0
2769,3584.0
2770,1737.0
2771,10.0
2772,712.0
2773,892.0
2774,41.0
2775,3005.0
2776,743.0
2777,551.0
2778,1070.0
2779,1088.0
2780,547.0
2781,1607.0
2782,1092.0
2783,2543.0
2784,743.0
2785,107.0
2786,2846.0
2787,3015.0
2788,2865.0
2789,1141.0
2790,2895.0
2791,19.0
2792,142.0
2793,4633.0
2794,244.0
2795,683.0
2796,9.0
2797,968.0
2798,0.0
2799,107.0
2800,26.0
2801,843.0
2802,4319.0
2803,0.0
2804,407.0
2805,134.0
2806,125.0
2807,2168.0
2808,1622.0
2809,0.0
2810,817.0
2811,384.0
2812,413.0
2813,24.0
2814,1303.0
2815,1250.0
2816,722.0
2817,0.0
2818,896.0
2819,19.0
2820,2385.0
2821,3447.0
2822,934.0
2823,1329.0
2824,25.0
2825,47.0
2826,1411.0
2827,126.0
2828,2211.0
2829,0.0
2830,439.0
2831,2084.0
2832,253.0
2833,303.0
2834,2739.0
2835,0.0
2836,837.0
2837,3184.0
2838,3382.0
2839,767.0
2840,0.0
2841,24.0
2842,1419.0
2843,721.0
2844,896.0
2845,496.0
2846,1000.0
2847,1979.0
2848,1871.0
2849,4.0
2850,0.0
2851,1466.0
2852,854.0
2853,670.0
2854,425.0
2855,375.0
2856,21.0
2857,452.0
2858,2852.0
2859,176.0
2860,3520.0
2861,2072.0
2862,5.0
2863,20.0
2864,188.0
2865,1364.0
2866,2714.0
2867,3171.0
2868,2675.0
2869,550.0
2870,17.0
2871,2156.0
2872,554.0
2873,31.0
2874,1948.0
2875,655.0
2876,3051.0
2877,282.0
2878,23.0
2879,0.0
2880,0.0
2881,1.0
2882,2599.0
2883,1490.0
2884,2780.0
2885,3702.0
2886,256.0
2887,42.0
2888,972.0
2889,81.0
2890,1.0
2891,845.0
2892,0.0
2893,676.0
2894,587.0
2895,1548.0
2896,616.0
2897,11.0
2898,0.0
2899,16.0
2900,33.0
2901,255.0
2902,3309.0
2903,4776.0
2904,899.0
2905,344.0
2906,1477.0
2907,9.0
2908,1326.0
2909,587.0
2910,1433.0
2911,4.0
2912,0.0
2913,3721.0
2914,329.0
2915,490.0
2916,4208.0
2917,4048.0
2918,65.0
2919,459.0
2920,208.0
2921,2666.0
2922,24.0
2923,0.0
2924,2801.0
2925,231.0
2926,4206.0
2927,3601.0
2928,0.0
2929,130.0
2930,367.0
2931,1038.0
2932,238.0
2933,93.0
2934,74.0
2935,480.0
2936,23.0
2937,3965.0
2938,65.0
2939,136.0
2940,807.0
2941,5593.0
2942,56.0
2943,4385.0
2944,3.0
2945,61.0
2946,0.0
2947,1130.0
2948,544.0
2949,1877.0
2950,219.0
2951,2952.0
2952,1.0
2953,173.0
2954,492.0
2955,14.0
2956,3242.0
2957,0.0
2958,1017.0
2959,932.0
2960,217.0
2961,5.0
2962,85.0
2963,2345.0
2964,1158.0
2965,10.0
2966,743.0
2967,2725.0
2968,102.0
2969,856.0
2970,1134.0
2971,0.0
2972,3336.0
2973,57.0
2974,3262.0
2975,102.0
2976,2896.0
2977,1746.0
2978,658.0
2979,35.0
2980,419.0
2981,202.0
2982,648.0
2983,5.0
2984,1459.0
2985,141.0
2986,0.0
2987,0.0
2988,59.0
2989,492.0
2990,340.0
2991,80.0
2992,0.0
2993,3052.0
2994,193.0
2995,30.0
2996,3872.0
2997,1119.0
2998,77.0
2999,0.0
3000,1226.0
3001,1716.0
3002,1659.0
3003,23.0
3004,2347.0
3005,741.0
3006,1310.0
3007,8.0
3008,1609.0
3009,3117.0
3010,1545.0
3011,1.0
3012,1807.0
3013,83.0
3014,2149.0
3015,754.0
3016,278.0
3017,241.0
3018,492.0
3019,166.0
3020,241.0
3021,80.0
3022,758.0
3023,177.0
3024,2990.0
3025,344.0
3026,163.0
3027,28.0
3028,3897.0
3029,8.0
3030,46.0
3031,4212.0
3032,7.0
3033,1670.0
3034,27.0
3035,0.0
3036,984.0
3037,3298.0
3038,5.0
3039,110.0
3040,2697.0
3041,697.0
3042,1116.0
3043,2014.0
3044,356.0
3045,0.0
3046,9.0
3047,211.0
3048,2280.0
3049,1622.0
3050,29.0
3051,4505.0
3052,284.0
3053,885.0
3054,3.0
3055,582.0
3056,247.0
3057,3070.0
3058,0.0
3059,3511.0
3060,342.0
3061,9.0
3062,1522.0
3063,2566.0
3064,400.0
3065,242.0
3066,4037.0
3067,14.0
3068,3938.0
3069,0.0
3070,4531.0
3071,1299.0
3072,277.0
3073,1.0
3074,42.0
3075,178.0
3076,135.0
3077,179.0
3078,381.0
3079,1194.0
3080,657.0
3081,2097.0
3082,832.0
3083,2271.0
3084,1779.0
3085,257.0
3086,4813.0
3087,0.0
3088,1366.0
3089,796.0
3090,2180.0
3091,399.0
3092,253.0
3093,3461.0
3094,5296.0
3095,105.0
3096,925.0
3097,270.0
3098,13.0
3099,1042.0
3100,11.0
3101,1394.0
3102,97.0
3103,459.0
3104,523.0
3105,3447.0
3106,0.0
3107,212.0
3108,812.0
3109,1341.0
3110,3232.0
3111,7.0
3112,315.0
3113,2.0
3114,89.0
3115,218.0
3116,5196.0
3117,501.0
3118,159.0
3119,874.0
3120,15.0
3121,0.0
3122,56.0
3123,611.0
3124,285.0
3125,671.0
3126,468.0
3127,68.0
3128,1415.0
3129,936.0
3130,3215.0
3131,2267.0
3132,48.0
3133,2282.0
3134,1187.0
3135,1348.0
3136,386.0
3137,1531.0
3138,222.0
3139,821.0
3140,46.0
3141,287.0
3142,300.0
3143,1387.0
3144,4906.0
3145,164.0
3146,1514.0
3147,4144.0
3148,438.0
3149,2636.0
3150,3078.0
3151,525.0
3152,35.0
3153,0.0
3154,32.0
3155,370.0
3156,2095.0
3157,2628.0
3158,868.0
3159,4334.0
3160,46.0
3161,3090.0
3162,1072.0
3163,1555.0
3164,0.0
3165,4.0
3166,464.0
3167,1663.0
3168,845.0
3169,211.0
3170,996.0
3171,5176.0
3172,0.0
3173,118.0
3174,345.0
3175,752.0
3176,62.0
3177,3714.0
3178,6.0
3179,527.0
3180,734.0
3181,903.0
3182,527.0
3183,2010.0
3184,832.0
3185,308.0
3186,196.0
3187,1723.0
3188,0.0
3189,436.0
3190,474.0
3191,5.0
3192,2955.0
3193,1682.0
3194,50.0
3195,0.0
3196,520.0
3197,3473.0
3198,323.0
3199,2439.0
3200,2270.0
3201,0.0
3202,1866.0
3203,119.0
3204,2.0
3205,251.0
3206,3341.0
3207,75.0
3208,958.0
3209,1729.0
3210,832.0
3211,3720.0
3212,3.0
3213,2164.0
3214,923.0
3215,94.0
3216,148.0
3217,3513.0
3218,2683.0
3219,333.0
3220,218.0
3221,5489.0
3222,8.0
3223,117.0
3224,511.0
3225,9.0
3226,1813.0
3227,597.0
3228,7.0
3229,414.0
3230,649.0
3231,481.0
3232,1319.0
3233,9.0
3234,1593.0
3235,2448.0
3236,563.0
3237,13.0
3238,4822.0
3239,2408.0
3240,1415.0
3241,626.0
3242,3023.0
3243,0.0
3244,2399.0
3245,358.0
3246,154.0
3247,53.0
3248,266.0
3249,455.0
3250,5321.0
3251,4.0
3252,8.0
3253,294.0
3254,177.0
3255,1077.0
3256,758.0
3257,2492.0
3258,1565.0
3259,1331.0
3260,531.0
3261,2038.0
3262,874.0
3263,4.0
3264,1321.0
3265,4092.0
3266,4100.0
3267,1790.0
3268,76.0
3269,345.0
3270,4188.0
3271,1890.0
3272,332.0
3273,63.0
3274,2028.0
3275,473.0
3276,15.0
3277,481.0
3278,171.0
3279,551.0
3280,74.0
3281,1213.0
3282,2699.0
3283,144.0
3284,1285.0
3285,619.0
3286,1643.0
3287,2521.0
3288,8.0
3289,1623.0
3290,38.0
3291,2.0
3292,108.0
3293,469.0
3294,647.0
3295,1768.0
3296,244.0
3297,32.0
3298,25.0
3299,0.0
3300,2.0
3301,2933.0
3302,1185.0
3303,269.0
3304,240.0
3305,3507.0
3306,0.0
3307,1177.0
3308,3127.0
3309,681.0
3310,1886.0
3311,1563.0
3312,266.0
3313,3430.0
3314,788.0
3315,1167.0
3316,117.0
3317,2793.0
3318,371.0
3319,416.0
3320,21.0
3321,300.0
3322,0.0
3323,0.0
3324,3834.0
3325,3040.0
3326,760.0
3327,2094.0
3328,1050.0
3329,2717.0
3330,5.0
3331,1.0
3332,246.0
3333,2796.0
3334,1032.0
3335,0.0
3336,309.0
3337,882.0
3338,11.0
3339,741.0
3340,2977.0
3341,0.0
3342,2122.0
3343,447.0
3344,133.0
3345,918.0
3346,1468.0
3347,590.0
3348,2599.0
3349,106.0
3350,3476.0
3351,878.0
3352,337.0
3353,1951.0
3354,1910.0
3355,99.0
3356,3660.0
3357,1389.0
3358,13.0
3359,214.0
3360,6365.0
3361,483.0
3362,0.0
3363,330.0
3364,3635.0
3365,2453.0
3366,3278.0
3367,787.0
3368,20.0
3369,0.0
3370,1057.0
3371,226.0
3372,440.0
3373,28.0
3374,3570.0
3375,217.0
3376,2736.0
3377,2368.0
3378,1685.0
3379,6.0
3380,67.0
3381,741.0
3382,4172.0
3383,328.0
3384,357.0
3385,4.0
3386,185.0
3387,3303.0
3388,2287.0
3389,2625.0
3390,5.0
3391,36.0
3392,2110.0
3393,1879.0
3394,0.0
3395,2796.0
3396,1305.0
3397,855.0
3398,2496.0
3399,2874.0
3400,627.0
3401,0.0
3402,12.0
3403,245.0
3404,419.0
3405,45.0
3406,1593.0
3407,1365.0
3408,1791.0
3409,118.0
3410,1082.0
3411,3527.0
3412,886.0
3413,3.0
3414,0.0
3415,2878.0
3416,133.0
3417,50.0
3418,2499.0
3419,2720.0
3420,3647.0
3421,1733.0
3422,1621.0
3423,3763.0
3424,740.0
3425,7.0
3426,26.0
3427,202.0
3428,14.0
3429,38.0
3430,274.0
3431,3612.0
3432,123.0
3433,0.0
3434,168.0
3435,92.0
3436,2.0
3437,171.0
3438,936.0
3439,491.0
3440,1638.0
3441,3506.0
3442,3230.0
3443,2.0
3444,180.0
3445,17.0
3446,3169.0
3447,172.0
3448,3707.0
3449,1688.0
3450,11.0
3451,32.0
3452,9.0
3453,926.0
3454,26.0
3455,43.0
3456,1621.0
3457,3149.0
3458,1973.0
3459,386.0
3460,168.0
3461,4990.0
3462,1.0
3463,428.0
3464,0.0
3465,147.0
3466,2405.0
3467,1.0
3468,47.0
3469,3037.0
3470,0.0
3471,18.0
3472,350.0
3473,3820.0
3474,1985.0
3475,527.0
3476,609.0
3477,1639.0
3478,2676.0
3479,50.0
3480,635.0
3481,3212.0
3482,431.0
3483,1048.0
3484,204.0
3485,3740.0
3486,3059.0
3487,262.0
3488,3410.0
3489,91.0
3490,760.0
3491,0.0
3492,101.0
3493,4125.0
3494,1612.0
3495,75.0
3496,140.0
3497,14.0
3498,717.0
3499,479.0
3500,99.0
3501,3173.0
3502,3637.0
3503,10.0
3504,1354.0
3505,1381.0
3506,1059.0
3507,736.0
3508,3100.0
3509,178.0
3510,0.0
3511,192.0
3512,27.0
3513,9.0
3514,1413.0
3515,276.0
3516,25.0
3517,2107.0
3518,15.0
3519,1483.0
3520,807.0
3521,1726.0
3522,3200.0
3523,4314.0
3524,38.0
3525,3579.0
3526,123.0
3527,206.0
3528,2642.0
3529,2519.0
3530,1293.0
3531,179.0
3532,1987.0
3533,875.0
3534,3978.0
3535,303.0
3536,299.0
3537,385.0
3538,0.0
3539,169.0
3540,296.0
3541,947.0
3542,332.0
3543,4217.0
3544,3874.0
3545,2519.0
3546,19.0
3547,3339.0
3548,2123.0
3549,742.0
3550,661.0
3551,2365.0
3552,468.0
3553,264.0
3554,1086.0
3555,4.0
3556,660.0
3557,0.0
3558,765.0
3559,1236.0
3560,343.0
3561,2018.0
3562,913.0
3563,2590.0
3564,556.0
3565,2477.0
3566,2921.0
3567,0.0
3568,177.0
3569,255.0
3570,199.0
3571,0.0
3572,2124.0
3573,48.0
3574,1677.0
3575,324.0
3576,2126.0
3577,3.0
3578,86.0
3579,764.0
3580,5016.0
3581,332.0
3582,373.0
3583,3412.0
3584,1014.0
3585,7.0
3586,3579.0
3587,43.0
3588,104.0
3589,1450.0
3590,300.0
3591,2152.0
3592,4.0
3593,2453.0
3594,130.0
3595,690.0
3596,34.0
3597,1920.0
3598,1525.0
3599,834.0
3600,23.0
3601,142.0
3602,420.0
3603,2158.0
3604,1667.0
3605,562.0
3606,89.0
3607,30.0
3608,4.0
3609,114.0
3610,1081.0
3611,2929.0
3612,1181.0
3613,557.0
3614,2366.0
3615,146.0
3616,1.0
3617,257.0
3618,5.0
3619,97.0
3620,1901.0
3621,266.0
3622,672.0
3623,232.0
3624,3848.0
3625,541.0
3626,391.0
3627,1155.0
3628,616.0
3629,306.0
3630,2760.0
3631,2113.0
3632,2235.0
3633,2773.0
3634,720.0
3635,663.0
3636,991.0
3637,1.0
3638,350.0
3639,1545.0
3640,667.0
3641,5.0
3642,3609.0
3643,1.0
3644,1767.0
3645,460.0
3646,3747.0
3647,403.0
3648,428.0
3649,400.0
3650,392.0
3651,603.0
3652,379.0
3653,1.0
3654,382.0
3655,1529.0
3656,2573.0
3657,1717.0
3658,1692.0
3659,2493.0
3660,1683.0
3661,288.0
3662,335.0
3663,341.0
3664,81.0
3665,3756.0
3666,2917.0
3667,2368.0
3668,107.0
3669,20.0
3670,505.0
3671,404.0
3672,487.0
3673,3723.0
3674,0.0
3675,17.0
3676,23.0
3677,4.0
3678,3196.0
3679,298.0
3680,411.0
3681,34.0
3682,1089.0
3683,709.0
3684,247.0
3685,767.0
3686,3680.0
3687,185.0
3688,2385.0
3689,153.0
3690,5.0
3691,1042.0
3692,4528.0
3693,2688.0
3694,92.0
3695,117.0
3696,428.0
3697,317.0
3698,3538.0
3699,33.0
3700,161.0
3701,99.0
3702,90.0
3703,218.0
3704,1004.0
3705,9.0
3706,1263.0
3707,321.0
3708,643.0
3709,52.0
3710,3676.0
3711,1091.0
3712,2.0
3713,5.0
3714,256.0
3715,721.0
3716,316.0
3717,9.0
3718,151.0
3719,107.0
3720,2698.0
3721,865.0
3722,47.0
3723,1071.0
3724,2400.0
3725,106.0
3726,3018.0
3727,261.0
3728,152.0
3729,9.0
3730,408.0
3731,156.0
3732,1443.0
3733,81.0
3734,21.0
3735,18.0
3736,1409.0
3737,0.0
3738,1412.0
3739,934.0
3740,222.0
3741,0.0
3742,687.0
3743,3335.0
3744,1877.0
3745,136.0
3746,1097.0
3747,197.0
3748,1056.0
3749,4301.0
3750,3901.0
3751,563.0
3752,1356.0
3753,330.0
3754,1453.0
3755,2276.0
3756,393.0
3757,123.0
3758,2187.0
3759,50.0
3760,3745.0
3761,1141.0
3762,0.0
3763,683.0
3764,2272.0
3765,506.0
3766,1723.0
3767,1948.0
3768,187.0
3769,487.0
3770,308.0
3771,1010.0
3772,2477.0
3773,347.0
3774,1474.0
3775,174.0
3776,986.0
3777,967.0
3778,1024.0
3779,1250.0
3780,285.0
3781,3734.0
3782,1087.0
3783,525.0
3784,4046.0
3785,2.0
3786,230.0
3787,101.0
3788,168.0
3789,1999.0
3790,75.0
3791,759.0
3792,3153.0
3793,1331.0
3794,2291.0
3795,262.0
3796,4463.0
3797,1009.0
3798,4333.0
3799,13.0
3800,706.0
3801,893.0
3802,0.0
3803,3.0
3804,4260.0
3805,2913.0
3806,638.0
3807,2333.0
3808,137.0
3809,1917.0
3810,121.0
3811,83.0
3812,638.0
3813,2033.0
3814,197.0
3815,1731.0
3816,2390.0
3817,1.0
3818,1673.0
3819,361.0
3820,4907.0
3821,2148.0
3822,63.0
3823,64.0
3824,14.0
3825,79.0
3826,581.0
3827,2220.0
3828,876.0
3829,3791.0
3830,0.0
3831,45.0
3832,607.0
3833,3029.0
3834,94.0
3835,23.0
3836,290.0
3837,5.0
3838,3051.0
3839,3180.0
3840,0.0
3841,3092.0
3842,2439.0
3843,1603.0
3844,210.0
3845,14.0
3846,3423.0
3847,0.0
3848,586.0
3849,39.0
3850,20.0
3851,127.0
3852,3053.0
3853,310.0
3854,3041.0
3855,0.0
3856,1288.0
3857,4897.0
3858,1248.0
3859,3032.0
3860,3867.0
3861,730.0
3862,26.0
3863,2157.0
3864,467.0
3865,1111.0
3866,228.0
3867,1283.0
3868,30.0
3869,0.0
3870,86.0
3871,45.0
3872,237.0
3873,1069.0
3874,18.0
3875,23.0
3876,1441.0
3877,332.0
3878,1034.0
3879,1382.0
3880,4869.0
3881,1229.0
3882,5276.0
3883,3144.0
3884,3367.0
3885,490.0
3886,1999.0
3887,323.0
3888,3430.0
3889,557.0
3890,1366.0
3891,1075.0
3892,3051.0
3893,271.0
3894,0.0
3895,1365.0
3896,2033.0
3897,347.0
3898,451.0
3899,1694.0
3900,2294.0
3901,428.0
3902,414.0
3903,3652.0
3904,482.0
3905,1801.0
3906,13.0
3907,428.0
3908,983.0
3909,166.0
3910,0.0
3911,362.0
3912,5254.0
3913,126.0
3914,293.0
3915,1.0
3916,441.0
3917,171.0
3918,369.0
3919,77.0
3920,738.0
3921,795.0
3922,1698.0
3923,764.0
3924,1.0
3925,0.0
3926,3.0
3927,64.0
3928,0.0
3929,94.0
3930,21.0
3931,108.0
3932,331.0
3933,1027.0
3934,2990.0
3935,184.0
3936,2730.0
3937,1043.0
3938,3195.0
3939,1464.0
3940,110.0
3941,763.0
3942,61.0
3943,3010.0
3944,2547.0
3945,151.0
3946,3546.0
3947,1265.0
3948,82.0
3949,3807.0
3950,0.0
3951,4031.0
3952,2801.0
3953,0.0
3954,14.0
3955,1111.0
3956,3671.0
3957,346.0
3958,1419.0
3959,1169.0
3960,1312.0
3961,402.0
3962,0.0
3963,162.0
3964,4023.0
3965,884.0
3966,2907.0
3967,157.0
3968,460.0
3969,3031.0
3970,4433.0
3971,1753.0
3972,2682.0
3973,981.0
3974,550.0
3975,16.0
3976,1579.0
3977,7.0
3978,1799.0
3979,2965.0
3980,540.0
3981,272.0
3982,101.0
3983,711.0
3984,1642.0
3985,1374.0
3986,34.0
3987,6.0
3988,2.0
3989,1.0
3990,86.0
3991,284.0
3992,2944.0
3993,323.0
3994,135.0
3995,1954.0
3996,7.0
3997,471.0
3998,139.0
3999,3217.0
4000,1115.0
4001,132.0
4002,1457.0
4003,38.0
4004,2472.0
4005,4589.0
4006,256.0
4007,367.0
4008,1162.0
4009,4883.0
4010,1195.0
4011,119.0
4012,5.0
4013,4649.0
4014,7.0
4015,311.0
4016,1092.0
4017,399.0
4018,166.0
4019,273.0
4020,384.0
4021,1600.0
4022,10.0
4023,3650.0
4024,334.0
4025,295.0
4026,1091.0
4027,1384.0
4028,1081.0
4029,624.0
4030,2149.0
4031,4.0
4032,216.0
4033,106.0
4034,153.0
4035,731.0
4036,3851.0
4037,1817.0
4038,57.0
4039,4952.0
4040,1876.0
4041,83.0
4042,4856.0
4043,361.0
4044,2319.0
4045,206.0
4046,1596.0
4047,1318.0
4048,1026.0
4049,265.0
4050,0.0
4051,153.0
4052,36.0
4053,13.0
4054,71.0
4055,561.0
4056,4357.0
4057,7.0
4058,130.0
4059,345.0
4060,1695.0
4061,341.0
4062,1231.0
4063,1678.0
4064,3087.0
4065,70.0
4066,3483.0
4067,1.0
4068,103.0
4069,1870.0
4070,94.0
4071,297.0
4072,197.0
4073,170.0
4074,1877.0
4075,248.0
4076,2531.0
4077,371.0
4078,182.0
4079,2303.0
4080,59.0
4081,858.0
4082,285.0
4083,175.0
4084,692.0
4085,2872.0
4086,2593.0
4087,8.0
4088,33.0
4089,37.0
4090,53.0
4091,124.0
4092,35.0
4093,451.0
4094,44.0
4095,2931.0
