{
  "attrs": "attrs_2048.npz",
  "initial": {
    "a0": 1.0,
    "a1": 1.0,
    "a2": 0.5,
    "beta": 1.5,
    "rho": null,
    "spin_mode": "same"
  },
  "flow": [
    {
      "step": 1,
      "R": 0.5815725884488188,
      "n_clusters": 45,
      "rho_before": 0.16275839911635331,
      "beta_before": 1.5,
      "rho_after": 1.2553008204679632,
      "beta_after": 1.35,
      "rho_scale_best": 1.2,
      "beta_grid_choice": 1.35,
      "lsq": 0.0005048770625414651,
      "spectral_dim": -0.02345449114500077,
      "mds_stress": 0.5034904638849913,
      "rank_cm": 0.7111111111111111,
      "n_after": 45
    },
    {
      "step": 2,
      "R": 1.126144690740804,
      "n_clusters": 6,
      "rho_before": 1.0460840170566361,
      "beta_before": 1.35,
      "rho_after": 2.0522003165535003,
      "beta_after": 1.35,
      "rho_scale_best": 1.2,
      "beta_grid_choice": 1.35,
      "lsq": 1.0914634581971493e-05,
      "spectral_dim": -0.005867127864091054,
      "mds_stress": 0.11489612332872946,
      "rank_cm": 0.6666666666666666,
      "n_after": 6
    },
    {
      "step": 3,
      "R": 1.2595243971366528,
      "n_clusters": 2,
      "rho_before": 1.7101669304612503,
      "beta_before": 1.35,
      "rho_after": 2.932875310534349,
      "beta_after": 1.5,
      "rho_scale_best": 1.14,
      "beta_grid_choice": 1.5,
      "lsq": 2.1504257287740397e-10,
      "spectral_dim": -0.0029991726419193827,
      "mds_stress": 8.390566535168651e-16,
      "rank_cm": 0.5,
      "n_after": 2
    },
    {
      "step": 4,
      "R": 0.0,
      "n_clusters": 2,
      "rho_before": 2.5726976408196047,
      "beta_before": 1.5,
      "rho_after": 2.8814213577179575,
      "beta_after": 1.35,
      "rho_scale_best": 1.12,
      "beta_grid_choice": 1.35,
      "lsq": 2.7606781983451183e-07,
      "spectral_dim": -0.002787959176076151,
      "mds_stress": 6.206076644975779e-16,
      "rank_cm": 0.5,
      "n_after": 2
    },
    {
      "step": 5,
      "R": 0.0,
      "n_clusters": 2,
      "rho_before": 2.5726976408196047,
      "beta_before": 1.35,
      "rho_after": 2.8814213577179575,
      "beta_after": 1.35,
      "rho_scale_best": 1.12,
      "beta_grid_choice": 1.35,
      "lsq": 2.7606781983451183e-07,
      "spectral_dim": -0.002787959176076151,
      "mds_stress": 6.206076644975779e-16,
      "rank_cm": 0.5,
      "n_after": 2
    },
    {
      "step": 6,
      "R": 0.0,
      "n_clusters": 2,
      "rho_before": 2.5726976408196047,
      "beta_before": 1.35,
      "rho_after": 2.8814213577179575,
      "beta_after": 1.35,
      "rho_scale_best": 1.12,
      "beta_grid_choice": 1.35,
      "lsq": 2.7606781983451183e-07,
      "spectral_dim": -0.002787959176076151,
      "mds_stress": 6.206076644975779e-16,
      "rank_cm": 0.5,
      "n_after": 2
    }
  ]
}