{
  "attrs": "attrs_2048.npz",
  "scan": [
    {
      "spin_mode": "same",
      "rho": 0.18879974297496982,
      "rho_scale": 1.16,
      "a2": 0.45,
      "beta": 1.35,
      "spectral_dim": -0.06024221246811521,
      "mds_stress": 0.9331986882903992
    },
    {
      "spin_mode": "same",
      "rho": 0.18879974297496982,
      "rho_scale": 1.16,
      "a2": 0.45,
      "beta": 1.4,
      "spectral_dim": -0.059958782372096044,
      "mds_stress": 0.9364732524583651
    },
    {
      "spin_mode": "same",
      "rho": 0.18879974297496982,
      "rho_scale": 1.16,
      "a2": 0.45,
      "beta": 1.45,
      "spectral_dim": -0.05976466224487579,
      "mds_stress": 0.9395996027047
    },
    {
      "spin_mode": "same",
      "rho": 0.18879974297496982,
      "rho_scale": 1.16,
      "a2": 0.45,
      "beta": 1.5,
      "spectral_dim": -0.05963956287219831,
      "mds_stress": 0.943004053543684
    },
    {
      "spin_mode": "same",
      "rho": 0.18879974297496982,
      "rho_scale": 1.16,
      "a2": 0.45,
      "beta": 1.55,
      "spectral_dim": -0.05956872877084453,
      "mds_stress": 0.9465814575897867
    },
    {
      "spin_mode": "same",
      "rho": 0.18879974297496982,
      "rho_scale": 1.16,
      "a2": 0.45,
      "beta": 1.6,
      "spectral_dim": -0.059541115671098155,
      "mds_stress": 0.9494427198263835
    },
    {
      "spin_mode": "same",
      "rho": 0.18879974297496982,
      "rho_scale": 1.16,
      "a2": 0.45,
      "beta": 1.65,
      "spectral_dim": -0.05954829877506682,
      "mds_stress": 0.9516855679371271
    },
    {
      "spin_mode": "same",
      "rho": 0.18879974297496982,
      "rho_scale": 1.16,
      "a2": 0.5,
      "beta": 1.35,
      "spectral_dim": -0.05956782811975255,
      "mds_stress": 0.9335301214490511
    },
    {
      "spin_mode": "same",
      "rho": 0.18879974297496982,
      "rho_scale": 1.16,
      "a2": 0.5,
      "beta": 1.4,
      "spectral_dim": -0.05928588072575353,
      "mds_stress": 0.9367712910309305
    },
    {
      "spin_mode": "same",
      "rho": 0.18879974297496982,
      "rho_scale": 1.16,
      "a2": 0.5,
      "beta": 1.45,
      "spectral_dim": -0.059090699082352094,
      "mds_stress": 0.9398467840361594
    },
    {
      "spin_mode": "same",
      "rho": 0.18879974297496982,
      "rho_scale": 1.16,
      "a2": 0.5,
      "beta": 1.5,
      "spectral_dim": -0.05896303489405567,
      "mds_stress": 0.9431724791130442
    },
    {
      "spin_mode": "same",
      "rho": 0.18879974297496982,
      "rho_scale": 1.16,
      "a2": 0.5,
      "beta": 1.55,
      "spectral_dim": -0.05888827292837056,
      "mds_stress": 0.9467457812727605
    },
    {
      "spin_mode": "same",
      "rho": 0.18879974297496982,
      "rho_scale": 1.16,
      "a2": 0.5,
      "beta": 1.6,
      "spectral_dim": -0.05885580722373148,
      "mds_stress": 0.9496363956336663
    },
    {
      "spin_mode": "same",
      "rho": 0.18879974297496982,
      "rho_scale": 1.16,
      "a2": 0.5,
      "beta": 1.65,
      "spectral_dim": -0.058857372933880596,
      "mds_stress": 0.951885495559676
    },
    {
      "spin_mode": "same",
      "rho": 0.18879974297496982,
      "rho_scale": 1.16,
      "a2": 0.55,
      "beta": 1.35,
      "spectral_dim": -0.05896083738629188,
      "mds_stress": 0.933842578834558
    },
    {
      "spin_mode": "same",
      "rho": 0.18879974297496982,
      "rho_scale": 1.16,
      "a2": 0.55,
      "beta": 1.4,
      "spectral_dim": -0.05868014045233101,
      "mds_stress": 0.9370526580061734
    },
    {
      "spin_mode": "same",
      "rho": 0.18879974297496982,
      "rho_scale": 1.16,
      "a2": 0.55,
      "beta": 1.45,
      "spectral_dim": -0.0584834318826587,
      "mds_stress": 0.9400818076690773
    },
    {
      "spin_mode": "same",
      "rho": 0.18879974297496982,
      "rho_scale": 1.16,
      "a2": 0.55,
      "beta": 1.5,
      "spectral_dim": -0.05835247992622727,
      "mds_stress": 0.9433317132219565
    },
    {
      "spin_mode": "same",
      "rho": 0.18879974297496982,
      "rho_scale": 1.16,
      "a2": 0.55,
      "beta": 1.55,
      "spectral_dim": -0.058273677080123674,
      "mds_stress": 0.9468964178316792
    },
    {
      "spin_mode": "same",
      "rho": 0.18879974297496982,
      "rho_scale": 1.16,
      "a2": 0.55,
      "beta": 1.6,
      "spectral_dim": -0.05823621423901456,
      "mds_stress": 0.9498178628914892
    },
    {
      "spin_mode": "same",
      "rho": 0.18879974297496982,
      "rho_scale": 1.16,
      "a2": 0.55,
      "beta": 1.65,
      "spectral_dim": -0.05823238545945206,
      "mds_stress": 0.9520742591540146
    },
    {
      "spin_mode": "same",
      "rho": 0.1920549109572969,
      "rho_scale": 1.18,
      "a2": 0.45,
      "beta": 1.35,
      "spectral_dim": -0.06187654752862854,
      "mds_stress": 0.9314027557229535
    },
    {
      "spin_mode": "same",
      "rho": 0.1920549109572969,
      "rho_scale": 1.18,
      "a2": 0.45,
      "beta": 1.4,
      "spectral_dim": -0.06157239218117357,
      "mds_stress": 0.9347077644898549
    },
    {
      "spin_mode": "same",
      "rho": 0.1920549109572969,
      "rho_scale": 1.18,
      "a2": 0.45,
      "beta": 1.45,
      "spectral_dim": -0.06136573160411673,
      "mds_stress": 0.9377835857955961
    },
    {
      "spin_mode": "same",
      "rho": 0.1920549109572969,
      "rho_scale": 1.18,
      "a2": 0.45,
      "beta": 1.5,
      "spectral_dim": -0.06123442157062666,
      "mds_stress": 0.9409340443664487
    },
    {
      "spin_mode": "same",
      "rho": 0.1920549109572969,
      "rho_scale": 1.18,
      "a2": 0.45,
      "beta": 1.55,
      "spectral_dim": -0.06116200252124023,
      "mds_stress": 0.9444594134537012
    },
    {
      "spin_mode": "same",
      "rho": 0.1920549109572969,
      "rho_scale": 1.18,
      "a2": 0.45,
      "beta": 1.6,
      "spectral_dim": -0.06113636323298148,
      "mds_stress": 0.9476192901557807
    },
    {
      "spin_mode": "same",
      "rho": 0.1920549109572969,
      "rho_scale": 1.18,
      "a2": 0.45,
      "beta": 1.65,
      "spectral_dim": -0.06114815383985917,
      "mds_stress": 0.950057679130339
    },
    {
      "spin_mode": "same",
      "rho": 0.1920549109572969,
      "rho_scale": 1.18,
      "a2": 0.5,
      "beta": 1.35,
      "spectral_dim": -0.061180406075624666,
      "mds_stress": 0.9317494071071558
    },
    {
      "spin_mode": "same",
      "rho": 0.1920549109572969,
      "rho_scale": 1.18,
      "a2": 0.5,
      "beta": 1.4,
      "spectral_dim": -0.06087939462439763,
      "mds_stress": 0.9350233440261974
    },
    {
      "spin_mode": "same",
      "rho": 0.1920549109572969,
      "rho_scale": 1.18,
      "a2": 0.5,
      "beta": 1.45,
      "spectral_dim": -0.060672627201081665,
      "mds_stress": 0.9380588418616546
    },
    {
      "spin_mode": "same",
      "rho": 0.1920549109572969,
      "rho_scale": 1.18,
      "a2": 0.5,
      "beta": 1.5,
      "spectral_dim": -0.060539422772452854,
      "mds_stress": 0.9411385315703079
    },
    {
      "spin_mode": "same",
      "rho": 0.1920549109572969,
      "rho_scale": 1.18,
      "a2": 0.5,
      "beta": 1.55,
      "spectral_dim": -0.06046371933263822,
      "mds_stress": 0.9446146791069889
    },
    {
      "spin_mode": "same",
      "rho": 0.1920549109572969,
      "rho_scale": 1.18,
      "a2": 0.5,
      "beta": 1.6,
      "spectral_dim": -0.06043361271452349,
      "mds_stress": 0.9478048940015117
    },
    {
      "spin_mode": "same",
      "rho": 0.1920549109572969,
      "rho_scale": 1.18,
      "a2": 0.5,
      "beta": 1.65,
      "spectral_dim": -0.06044022045442767,
      "mds_stress": 0.9502599509661008
    },
    {
      "spin_mode": "same",
      "rho": 0.1920549109572969,
      "rho_scale": 1.18,
      "a2": 0.55,
      "beta": 1.35,
      "spectral_dim": -0.060553834365006276,
      "mds_stress": 0.9320762207984706
    },
    {
      "spin_mode": "same",
      "rho": 0.1920549109572969,
      "rho_scale": 1.18,
      "a2": 0.55,
      "beta": 1.4,
      "spectral_dim": -0.06025577583252576,
      "mds_stress": 0.9353210429268252
    },
    {
      "spin_mode": "same",
      "rho": 0.1920549109572969,
      "rho_scale": 1.18,
      "a2": 0.55,
      "beta": 1.45,
      "spectral_dim": -0.060048747630175224,
      "mds_stress": 0.9383196298302219
    },
    {
      "spin_mode": "same",
      "rho": 0.1920549109572969,
      "rho_scale": 1.18,
      "a2": 0.55,
      "beta": 1.5,
      "spectral_dim": -0.0599128110634628,
      "mds_stress": 0.9413338294835152
    },
    {
      "spin_mode": "same",
      "rho": 0.1920549109572969,
      "rho_scale": 1.18,
      "a2": 0.55,
      "beta": 1.55,
      "spectral_dim": -0.05983341664216197,
      "mds_stress": 0.9447573380004597
    },
    {
      "spin_mode": "same",
      "rho": 0.1920549109572969,
      "rho_scale": 1.18,
      "a2": 0.55,
      "beta": 1.6,
      "spectral_dim": -0.05979876780290933,
      "mds_stress": 0.9479770856635266
    },
    {
      "spin_mode": "same",
      "rho": 0.1920549109572969,
      "rho_scale": 1.18,
      "a2": 0.55,
      "beta": 1.65,
      "spectral_dim": -0.059800110250051934,
      "mds_stress": 0.9504503981566031
    },
    {
      "spin_mode": "same",
      "rho": 0.19531007893962396,
      "rho_scale": 1.2,
      "a2": 0.45,
      "beta": 1.35,
      "spectral_dim": -0.06354561854688892,
      "mds_stress": 0.9295990446409957
    },
    {
      "spin_mode": "same",
      "rho": 0.19531007893962396,
      "rho_scale": 1.2,
      "a2": 0.45,
      "beta": 1.4,
      "spectral_dim": -0.06321659531969669,
      "mds_stress": 0.9329428098804797
    },
    {
      "spin_mode": "same",
      "rho": 0.19531007893962396,
      "rho_scale": 1.2,
      "a2": 0.45,
      "beta": 1.45,
      "spectral_dim": -0.06299394558081262,
      "mds_stress": 0.9360125485334407
    },
    {
      "spin_mode": "same",
      "rho": 0.19531007893962396,
      "rho_scale": 1.2,
      "a2": 0.45,
      "beta": 1.5,
      "spectral_dim": -0.06285356783740828,
      "mds_stress": 0.9390019534597562
    },
    {
      "spin_mode": "same",
      "rho": 0.19531007893962396,
      "rho_scale": 1.2,
      "a2": 0.45,
      "beta": 1.55,
      "spectral_dim": -0.06277740596294912,
      "mds_stress": 0.9422949156177639
    },
    {
      "spin_mode": "same",
      "rho": 0.19531007893962396,
      "rho_scale": 1.2,
      "a2": 0.45,
      "beta": 1.6,
      "spectral_dim": -0.06275186314062876,
      "mds_stress": 0.9456574929604715
    },
    {
      "spin_mode": "same",
      "rho": 0.19531007893962396,
      "rho_scale": 1.2,
      "a2": 0.45,
      "beta": 1.65,
      "spectral_dim": -0.06276687845700017,
      "mds_stress": 0.9483501678104637
    },
    {
      "spin_mode": "same",
      "rho": 0.19531007893962396,
      "rho_scale": 1.2,
      "a2": 0.5,
      "beta": 1.35,
      "spectral_dim": -0.06282599119750748,
      "mds_stress": 0.9299606160147653
    },
    {
      "spin_mode": "same",
      "rho": 0.19531007893962396,
      "rho_scale": 1.2,
      "a2": 0.5,
      "beta": 1.4,
      "spectral_dim": -0.06250224700642953,
      "mds_stress": 0.9332745084673666
    },
    {
      "spin_mode": "same",
      "rho": 0.19531007893962396,
      "rho_scale": 1.2,
      "a2": 0.5,
      "beta": 1.45,
      "spectral_dim": -0.0622808095667404,
      "mds_stress": 0.9363101653211511
    },
    {
      "spin_mode": "same",
      "rho": 0.19531007893962396,
      "rho_scale": 1.2,
      "a2": 0.5,
      "beta": 1.5,
      "spectral_dim": -0.06213922551725603,
      "mds_stress": 0.9392441882419758
    },
    {
      "spin_mode": "same",
      "rho": 0.19531007893962396,
      "rho_scale": 1.2,
      "a2": 0.5,
      "beta": 1.55,
      "spectral_dim": -0.062060382849748345,
      "mds_stress": 0.9424622513534496
    },
    {
      "spin_mode": "same",
      "rho": 0.19531007893962396,
      "rho_scale": 1.2,
      "a2": 0.5,
      "beta": 1.6,
      "spectral_dim": -0.062031006328560644,
      "mds_stress": 0.9458286944637749
    },
    {
      "spin_mode": "same",
      "rho": 0.19531007893962396,
      "rho_scale": 1.2,
      "a2": 0.5,
      "beta": 1.65,
      "spectral_dim": -0.06204118226832765,
      "mds_stress": 0.9485503209849019
    },
    {
      "spin_mode": "same",
      "rho": 0.19531007893962396,
      "rho_scale": 1.2,
      "a2": 0.55,
      "beta": 1.35,
      "spectral_dim": -0.06217842430727417,
      "mds_stress": 0.9303015225178479
    },
    {
      "spin_mode": "same",
      "rho": 0.19531007893962396,
      "rho_scale": 1.2,
      "a2": 0.55,
      "beta": 1.4,
      "spectral_dim": -0.0618593651599303,
      "mds_stress": 0.9335873064208818
    },
    {
      "spin_mode": "same",
      "rho": 0.19531007893962396,
      "rho_scale": 1.2,
      "a2": 0.55,
      "beta": 1.45,
      "spectral_dim": -0.06163909266047375,
      "mds_stress": 0.9365914936288051
    },
    {
      "spin_mode": "same",
      "rho": 0.19531007893962396,
      "rho_scale": 1.2,
      "a2": 0.55,
      "beta": 1.5,
      "spectral_dim": -0.06149596350485344,
      "mds_stress": 0.9394751068671232
    },
    {
      "spin_mode": "same",
      "rho": 0.19531007893962396,
      "rho_scale": 1.2,
      "a2": 0.55,
      "beta": 1.55,
      "spectral_dim": -0.06141370728206949,
      "mds_stress": 0.9426196717515956
    },
    {
      "spin_mode": "same",
      "rho": 0.19531007893962396,
      "rho_scale": 1.2,
      "a2": 0.55,
      "beta": 1.6,
      "spectral_dim": -0.06138017956844183,
      "mds_stress": 0.9459854847493017
    },
    {
      "spin_mode": "same",
      "rho": 0.19531007893962396,
      "rho_scale": 1.2,
      "a2": 0.55,
      "beta": 1.65,
      "spectral_dim": -0.061385423241686804,
      "mds_stress": 0.9487377099374475
    },
    {
      "spin_mode": "same",
      "rho": 0.19856524692195104,
      "rho_scale": 1.22,
      "a2": 0.45,
      "beta": 1.35,
      "spectral_dim": -0.06525252155174134,
      "mds_stress": 0.9277871953580268
    },
    {
      "spin_mode": "same",
      "rho": 0.19856524692195104,
      "rho_scale": 1.22,
      "a2": 0.45,
      "beta": 1.4,
      "spectral_dim": -0.0648942838683758,
      "mds_stress": 0.931173653868367
    },
    {
      "spin_mode": "same",
      "rho": 0.19856524692195104,
      "rho_scale": 1.22,
      "a2": 0.45,
      "beta": 1.45,
      "spectral_dim": -0.06465197409028074,
      "mds_stress": 0.9342609388872354
    },
    {
      "spin_mode": "same",
      "rho": 0.19856524692195104,
      "rho_scale": 1.22,
      "a2": 0.45,
      "beta": 1.5,
      "spectral_dim": -0.06449940328938307,
      "mds_stress": 0.9371729580753414
    },
    {
      "spin_mode": "same",
      "rho": 0.19856524692195104,
      "rho_scale": 1.22,
      "a2": 0.45,
      "beta": 1.55,
      "spectral_dim": -0.06441693574697163,
      "mds_stress": 0.9402104430142134
    },
    {
      "spin_mode": "same",
      "rho": 0.19856524692195104,
      "rho_scale": 1.22,
      "a2": 0.45,
      "beta": 1.6,
      "spectral_dim": -0.06438962611575538,
      "mds_stress": 0.9435624018428601
    },
    {
      "spin_mode": "same",
      "rho": 0.19856524692195104,
      "rho_scale": 1.22,
      "a2": 0.45,
      "beta": 1.65,
      "spectral_dim": -0.06440612515717227,
      "mds_stress": 0.9465344251656557
    },
    {
      "spin_mode": "same",
      "rho": 0.19856524692195104,
      "rho_scale": 1.22,
      "a2": 0.5,
      "beta": 1.35,
      "spectral_dim": -0.06450759925957499,
      "mds_stress": 0.9281634851883911
    },
    {
      "spin_mode": "same",
      "rho": 0.19856524692195104,
      "rho_scale": 1.22,
      "a2": 0.5,
      "beta": 1.4,
      "spectral_dim": -0.06415693917030496,
      "mds_stress": 0.9315206794078998
    },
    {
      "spin_mode": "same",
      "rho": 0.19856524692195104,
      "rho_scale": 1.22,
      "a2": 0.5,
      "beta": 1.45,
      "spectral_dim": -0.06391758789455969,
      "mds_stress": 0.9345773453034895
    },
    {
      "spin_mode": "same",
      "rho": 0.19856524692195104,
      "rho_scale": 1.22,
      "a2": 0.5,
      "beta": 1.5,
      "spectral_dim": -0.06376480603775178,
      "mds_stress": 0.9374464273496949
    },
    {
      "spin_mode": "same",
      "rho": 0.19856524692195104,
      "rho_scale": 1.22,
      "a2": 0.5,
      "beta": 1.55,
      "spectral_dim": -0.06368031534440766,
      "mds_stress": 0.9404112110602616
    },
    {
      "spin_mode": "same",
      "rho": 0.19856524692195104,
      "rho_scale": 1.22,
      "a2": 0.5,
      "beta": 1.6,
      "spectral_dim": -0.06364968401337848,
      "mds_stress": 0.9437225594894376
    },
    {
      "spin_mode": "same",
      "rho": 0.19856524692195104,
      "rho_scale": 1.22,
      "a2": 0.5,
      "beta": 1.65,
      "spectral_dim": -0.06366189531786899,
      "mds_stress": 0.9467256034289488
    },
    {
      "spin_mode": "same",
      "rho": 0.19856524692195104,
      "rho_scale": 1.22,
      "a2": 0.55,
      "beta": 1.35,
      "spectral_dim": -0.0638374844864645,
      "mds_stress": 0.928518301735565
    },
    {
      "spin_mode": "same",
      "rho": 0.19856524692195104,
      "rho_scale": 1.22,
      "a2": 0.55,
      "beta": 1.4,
      "spectral_dim": -0.06349339609802922,
      "mds_stress": 0.9318478932331032
    },
    {
      "spin_mode": "same",
      "rho": 0.19856524692195104,
      "rho_scale": 1.22,
      "a2": 0.55,
      "beta": 1.45,
      "spectral_dim": -0.06325687574382124,
      "mds_stress": 0.934876053404279
    },
    {
      "spin_mode": "same",
      "rho": 0.19856524692195104,
      "rho_scale": 1.22,
      "a2": 0.55,
      "beta": 1.5,
      "spectral_dim": -0.06310382373092649,
      "mds_stress": 0.9377060735680799
    },
    {
      "spin_mode": "same",
      "rho": 0.19856524692195104,
      "rho_scale": 1.22,
      "a2": 0.55,
      "beta": 1.55,
      "spectral_dim": -0.06301669172240273,
      "mds_stress": 0.9406029647414027
    },
    {
      "spin_mode": "same",
      "rho": 0.19856524692195104,
      "rho_scale": 1.22,
      "a2": 0.55,
      "beta": 1.6,
      "spectral_dim": -0.06298218823522209,
      "mds_stress": 0.9438692489467246
    },
    {
      "spin_mode": "same",
      "rho": 0.19856524692195104,
      "rho_scale": 1.22,
      "a2": 0.55,
      "beta": 1.65,
      "spectral_dim": -0.06298986799815479,
      "mds_stress": 0.9469026938770949
    },
    {
      "spin_mode": "same",
      "rho": 0.2018204149042781,
      "rho_scale": 1.24,
      "a2": 0.45,
      "beta": 1.35,
      "spectral_dim": -0.06700056715855715,
      "mds_stress": 0.9259672492462717
    },
    {
      "spin_mode": "same",
      "rho": 0.2018204149042781,
      "rho_scale": 1.24,
      "a2": 0.45,
      "beta": 1.4,
      "spectral_dim": -0.06660849952379909,
      "mds_stress": 0.9293980900474462
    },
    {
      "spin_mode": "same",
      "rho": 0.2018204149042781,
      "rho_scale": 1.24,
      "a2": 0.45,
      "beta": 1.45,
      "spectral_dim": -0.06634259870889478,
      "mds_stress": 0.9325150071737357
    },
    {
      "spin_mode": "same",
      "rho": 0.2018204149042781,
      "rho_scale": 1.24,
      "a2": 0.45,
      "beta": 1.5,
      "spectral_dim": -0.0661745765869725,
      "mds_stress": 0.9354028614730961
    },
    {
      "spin_mode": "same",
      "rho": 0.2018204149042781,
      "rho_scale": 1.24,
      "a2": 0.45,
      "beta": 1.55,
      "spectral_dim": -0.0660829706615081,
      "mds_stress": 0.9382601335355126
    },
    {
      "spin_mode": "same",
      "rho": 0.2018204149042781,
      "rho_scale": 1.24,
      "a2": 0.45,
      "beta": 1.6,
      "spectral_dim": -0.06605156996184665,
      "mds_stress": 0.9414133889435243
    },
    {
      "spin_mode": "same",
      "rho": 0.2018204149042781,
      "rho_scale": 1.24,
      "a2": 0.45,
      "beta": 1.65,
      "spectral_dim": -0.06606789111923467,
      "mds_stress": 0.9445828677101646
    },
    {
      "spin_mode": "same",
      "rho": 0.2018204149042781,
      "rho_scale": 1.24,
      "a2": 0.5,
      "beta": 1.35,
      "spectral_dim": -0.06622857159356527,
      "mds_stress": 0.9263580996429654
    },
    {
      "spin_mode": "same",
      "rho": 0.2018204149042781,
      "rho_scale": 1.24,
      "a2": 0.5,
      "beta": 1.4,
      "spectral_dim": -0.06584630170989651,
      "mds_stress": 0.9297599883938527
    },
    {
      "spin_mode": "same",
      "rho": 0.2018204149042781,
      "rho_scale": 1.24,
      "a2": 0.5,
      "beta": 1.45,
      "spectral_dim": -0.0655855304418786,
      "mds_stress": 0.9328481457864443
    },
    {
      "spin_mode": "same",
      "rho": 0.2018204149042781,
      "rho_scale": 1.24,
      "a2": 0.5,
      "beta": 1.5,
      "spectral_dim": -0.06541865081971418,
      "mds_stress": 0.9357009726697665
    },
    {
      "spin_mode": "same",
      "rho": 0.2018204149042781,
      "rho_scale": 1.24,
      "a2": 0.5,
      "beta": 1.55,
      "spectral_dim": -0.06532577177539405,
      "mds_stress": 0.9384998763604869
    },
    {
      "spin_mode": "same",
      "rho": 0.2018204149042781,
      "rho_scale": 1.24,
      "a2": 0.5,
      "beta": 1.6,
      "spectral_dim": -0.06529168325372416,
      "mds_stress": 0.9415825370100929
    },
    {
      "spin_mode": "same",
      "rho": 0.2018204149042781,
      "rho_scale": 1.24,
      "a2": 0.5,
      "beta": 1.65,
      "spectral_dim": -0.06530416910708899,
      "mds_stress": 0.9447587458079751
    },
    {
      "spin_mode": "same",
      "rho": 0.2018204149042781,
      "rho_scale": 1.24,
      "a2": 0.55,
      "beta": 1.35,
      "spectral_dim": -0.06553428553701639,
      "mds_stress": 0.9267266782581465
    },
    {
      "spin_mode": "same",
      "rho": 0.2018204149042781,
      "rho_scale": 1.24,
      "a2": 0.55,
      "beta": 1.4,
      "spectral_dim": -0.0651606106746502,
      "mds_stress": 0.9301012258939142
    },
    {
      "spin_mode": "same",
      "rho": 0.2018204149042781,
      "rho_scale": 1.24,
      "a2": 0.55,
      "beta": 1.45,
      "spectral_dim": -0.0649043268614672,
      "mds_stress": 0.9331624436003872
    },
    {
      "spin_mode": "same",
      "rho": 0.2018204149042781,
      "rho_scale": 1.24,
      "a2": 0.55,
      "beta": 1.5,
      "spectral_dim": -0.06473872204385085,
      "mds_stress": 0.9359831703652882
    },
    {
      "spin_mode": "same",
      "rho": 0.2018204149042781,
      "rho_scale": 1.24,
      "a2": 0.55,
      "beta": 1.55,
      "spectral_dim": -0.06464439601548859,
      "mds_stress": 0.9387288856596492
    },
    {
      "spin_mode": "same",
      "rho": 0.2018204149042781,
      "rho_scale": 1.24,
      "a2": 0.55,
      "beta": 1.6,
      "spectral_dim": -0.06460689150062533,
      "mds_stress": 0.9417411763609048
    },
    {
      "spin_mode": "same",
      "rho": 0.2018204149042781,
      "rho_scale": 1.24,
      "a2": 0.55,
      "beta": 1.65,
      "spectral_dim": -0.06461510639992965,
      "mds_stress": 0.9449194825852251
    }
  ]
}